number,loyalty_program_id,id_client,registration_date,state
5785 9158 6329 9451,6,708,2006-05-31,activated
1217 4764 0008 4045,5,257,2005-12-22,non-activated
3250 0370 4914 3582,1,58,2005-12-07,non-activated
6014 2863 0866 6643,2,540,2022-03-22,activated
9708 9113 1619 4487,4,199,2007-10-15,activated
7183 4166 5870 9921,6,444,2016-03-20,activated
9804 7615 6742 9927,1,782,2014-01-03,activated
9066 6620 7367 9925,2,43,2000-10-03,activated
3681 9615 0590 9766,3,698,1999-01-09,non-activated
1698 2202 5508 7441,4,77,1998-06-04,activated
9000 1472 9785 8338,3,104,2005-11-01,activated
5727 3085 2996 1994,5,762,2003-07-31,activated
8944 5888 9627 2230,4,511,2022-08-31,activated
9434 3273 3993 2549,2,410,2009-03-17,activated
5634 4518 2494 1188,6,973,2000-04-27,activated
6381 6803 2392 9410,5,992,2003-06-19,activated
7451 9224 6868 1949,2,203,2013-03-26,non-activated
2673 0794 3579 5939,2,715,2017-04-06,activated
0096 2489 0362 0514,5,160,1996-12-01,non-activated
1713 6809 0350 9851,3,182,2014-01-29,non-activated
1264 8844 9342 5017,1,531,2007-02-25,non-activated
2476 0176 3784 4613,4,49,2011-12-11,activated
0123 0746 4727 2268,5,399,1998-04-28,activated
9486 7755 8658 6221,4,245,2016-02-07,activated
9698 6759 0900 4248,6,1,2011-01-29,activated
1444 6201 4688 9422,5,832,2019-04-15,activated
2705 6846 4835 9586,4,625,1998-12-19,non-activated
3044 0537 9852 0949,4,401,2000-11-21,activated
5903 5464 0879 4583,5,399,2018-03-09,activated
7358 4799 2619 4539,2,764,2008-09-15,non-activated
4639 5256 0788 5419,4,357,2021-04-26,non-activated
9584 9616 0400 3103,6,627,2010-08-16,activated
9141 6349 3303 3686,5,229,1998-07-05,activated
6584 1101 2934 7380,4,356,2009-05-22,non-activated
8403 8218 4750 5423,1,374,2009-01-09,non-activated
8987 2117 0499 1581,3,204,2005-09-19,activated
8632 1056 6475 0140,1,265,2006-09-03,activated
5906 7637 6390 6481,6,79,2019-07-05,activated
2328 2165 2867 8609,3,641,2016-10-22,activated
4253 0309 3292 0029,6,943,2019-02-06,non-activated
4328 1643 4421 3353,1,824,2004-01-21,activated
9996 3750 5378 6117,2,348,2013-08-12,activated
6304 6770 0084 9782,2,40,2008-03-22,activated
0664 3612 7884 1166,2,916,2005-10-09,non-activated
3363 0594 6940 2665,1,65,2017-07-16,activated
9377 6460 0814 5554,5,721,2010-12-17,non-activated
8352 7191 1958 6593,2,665,2012-03-17,activated
2022 6264 6614 5635,6,432,2019-12-25,activated
1573 5701 0396 4003,1,291,2012-07-13,non-activated
1860 2108 1611 9833,6,489,1998-12-07,activated
3768 3285 6935 0657,1,684,2013-03-24,non-activated
1133 0979 3482 0596,4,170,2010-03-15,activated
3133 0146 8734 3380,4,562,2004-10-21,non-activated
1947 3414 8024 8524,1,459,1998-02-27,activated
9642 1965 1795 8497,2,321,2019-03-30,activated
1537 2972 5360 3645,2,290,2010-04-26,activated
0184 1456 7773 8266,1,174,2018-10-06,activated
3404 4424 1553 7150,1,950,2021-03-23,non-activated
5280 0549 3529 0121,1,857,2020-06-14,activated
3930 0896 6095 6433,6,235,2020-11-08,non-activated
1603 5163 2365 4930,1,975,2003-01-20,non-activated
7923 3205 2950 5963,3,575,2008-06-06,non-activated
5406 7485 4587 5038,6,406,2001-03-28,activated
5041 3263 3026 3005,2,248,2004-03-15,non-activated
8120 3778 0168 2493,5,714,2014-02-05,activated
3122 2380 7259 7239,3,364,2007-06-06,activated
5514 4742 5100 1895,2,52,2012-03-27,activated
9442 2893 3921 9343,4,980,2011-09-11,activated
0672 4563 0099 0444,2,48,2021-07-23,non-activated
2682 2572 3474 9976,4,738,2010-01-04,activated
9524 7551 9252 2763,3,758,2008-05-22,activated
7888 1546 2615 6233,1,510,1999-03-23,non-activated
3846 6764 3872 2501,2,632,2009-04-13,non-activated
7658 8590 8823 5995,5,2,2004-06-06,non-activated
7518 0227 5280 5122,3,508,2022-03-04,activated
5515 4863 6756 2613,1,744,2005-02-21,activated
6758 6825 0413 3908,5,890,2005-09-27,non-activated
9000 4864 1849 7938,1,319,2022-02-13,non-activated
8306 8277 4176 1731,6,390,1996-10-07,activated
9630 4435 3103 5287,5,519,2018-09-12,activated
6808 4163 1678 2469,5,194,1998-01-24,activated
7033 2084 6185 6164,3,436,2014-01-14,activated
7780 8315 9820 2235,5,359,2020-10-01,non-activated
7939 9227 2033 1415,4,956,1997-08-24,activated
1306 4358 7243 6826,1,476,1994-04-24,non-activated
8411 0833 2612 2476,6,192,2016-07-31,non-activated
3161 7110 2676 7420,2,550,2007-09-27,activated
6407 9135 5408 0653,4,175,2006-05-16,non-activated
9120 9269 4195 7398,5,932,2011-04-16,activated
2655 5530 5521 0123,1,914,1999-06-07,non-activated
4545 6870 2644 0349,4,197,2005-03-22,non-activated
5471 5796 3834 4302,4,981,2018-11-04,non-activated
0622 2148 2498 4138,1,958,2006-11-21,activated
2925 7509 6835 7003,4,874,2005-11-19,activated
2649 6157 5677 9317,3,774,2007-04-15,activated
8818 8273 3056 8086,4,240,2009-08-30,non-activated
3269 4748 6694 5060,4,751,2019-11-20,non-activated
4584 8825 2068 6250,5,310,2001-07-08,activated
6321 7039 0238 4403,6,621,2012-01-08,non-activated
3433 1780 8601 5016,6,343,2020-05-09,non-activated
4711 6414 3182 3542,6,380,2012-10-26,activated
0665 4130 6507 3730,5,20,2012-04-22,activated
9700 9699 4149 3020,6,795,2018-07-02,non-activated
4651 6726 7713 2842,5,170,2013-07-20,non-activated
2728 4595 2134 1675,3,501,2000-01-03,activated
9855 0507 6085 6228,5,542,2019-08-14,non-activated
2916 8826 6375 0639,6,791,2015-07-28,activated
5886 2250 5885 5619,6,205,2012-06-16,non-activated
4630 5013 8105 4655,6,349,2007-05-06,non-activated
6775 2641 2243 9836,6,408,2009-12-31,activated
5913 5700 2248 4859,3,124,2021-10-15,activated
7891 9499 0637 1369,4,379,2011-09-22,activated
6188 8973 8417 9809,3,348,2012-07-18,activated
7742 6020 0916 6941,6,269,2008-04-14,non-activated
6953 3867 2772 3157,2,675,2004-05-16,activated
9754 4517 2113 9929,4,184,2007-04-13,non-activated
3914 6393 1668 9883,4,773,2018-06-12,activated
1540 3317 5344 4328,5,306,2003-04-01,activated
2922 5582 4140 5652,1,249,2009-05-01,non-activated
7650 0487 1999 2852,6,291,2019-08-06,non-activated
5623 4293 3967 5900,3,390,2000-05-31,non-activated
5885 7221 8881 2961,5,233,2011-04-29,non-activated
2693 5270 5862 8250,4,115,2010-11-21,activated
0566 9269 5357 9913,6,169,2011-04-27,activated
9917 9133 0873 8571,6,85,2021-11-26,non-activated
2944 7082 9821 8742,6,982,2001-01-10,non-activated
1858 1749 6997 3259,4,824,2013-12-19,activated
1807 6407 8105 2580,2,176,2004-03-27,activated
1187 1383 9537 5895,3,814,2011-01-27,activated
2846 1034 0989 5061,2,2,2003-03-15,non-activated
8457 9256 7437 3395,3,860,2020-03-22,activated
4433 9944 6662 8790,4,147,2009-05-28,non-activated
0795 4094 5305 5412,4,986,2003-07-05,non-activated
0972 9178 3122 3431,1,193,2009-01-07,activated
1873 2432 0727 1489,1,362,2002-09-02,non-activated
7346 6760 4755 6243,1,882,2018-02-22,activated
9103 6257 8821 9033,1,913,2004-08-17,activated
9683 7601 2689 7288,1,948,2001-03-23,activated
5008 1507 3825 1999,2,411,1998-07-15,non-activated
6724 2881 7704 7821,1,512,2006-10-26,non-activated
0886 3084 1319 8291,4,806,1996-08-22,non-activated
7845 3145 9489 6876,5,382,1992-07-21,activated
6895 3922 6908 4446,1,850,2018-03-11,activated
9453 4888 1984 5854,1,484,2017-07-02,non-activated
7777 6012 0336 4085,4,30,2008-01-15,non-activated
1352 1365 9475 8547,3,738,2009-01-28,activated
0431 5440 5928 4415,3,823,2014-06-10,non-activated
3434 4549 6445 9289,1,105,2009-08-27,activated
7766 5017 6368 0934,5,205,2005-03-30,activated
9027 2769 0512 2059,3,485,2017-06-27,non-activated
7516 3386 1515 1030,1,1000,2005-10-30,non-activated
2895 8296 0122 8552,5,367,2001-06-21,non-activated
5044 3335 3682 1370,6,266,2017-07-30,non-activated
5967 3691 8425 2606,3,535,1998-05-16,activated
3206 9799 6024 5363,6,789,2014-09-17,non-activated
3825 3180 6700 4825,3,931,2020-10-30,non-activated
6561 4371 1931 8090,3,992,2016-08-29,activated
4257 0943 9625 1157,4,822,1998-05-10,non-activated
8257 3929 1368 3302,4,375,2018-01-11,non-activated
7936 9169 2689 5543,3,682,2010-06-16,non-activated
7376 9101 2767 4922,6,709,2001-11-08,non-activated
6714 4419 3075 0804,3,747,2022-01-25,non-activated
0083 3863 2995 0678,6,131,2011-10-04,activated
0423 2446 1687 9215,4,597,1992-08-03,activated
8570 2652 6654 2343,3,453,2012-11-23,non-activated
4925 9954 4259 1471,1,501,2020-05-30,activated
1565 3439 8635 5754,3,793,1994-12-25,non-activated
7297 4806 3480 1666,1,202,2021-10-11,activated
4036 8563 0762 1754,5,123,1999-01-05,activated
3731 8373 3763 7539,3,525,2004-09-10,non-activated
9029 8972 5574 6124,3,545,2012-06-27,non-activated
3095 6931 5687 2374,3,128,2017-08-02,non-activated
8684 5894 6567 1103,5,907,2007-11-09,activated
3959 8792 9131 7299,1,781,2006-09-29,activated
7537 1124 1679 5056,6,645,2004-04-07,activated
5503 6446 2353 5920,4,100,2010-08-16,non-activated
7429 4269 7464 9826,2,87,2022-09-13,non-activated
6848 5960 2810 2335,6,735,2022-08-20,non-activated
0257 6118 3224 8372,5,345,2006-11-29,non-activated
2012 3257 4207 3041,1,304,2008-08-12,non-activated
3025 2565 1307 5646,4,465,2016-06-04,non-activated
3748 3711 0777 2226,1,604,2014-08-13,non-activated
6574 4141 5656 2879,4,951,2022-06-24,activated
9899 9104 2580 1735,1,760,2022-09-27,non-activated
9059 9813 8041 2184,2,130,2010-03-14,activated
4668 9330 2324 5108,2,903,2012-03-13,activated
1725 1484 8194 2985,4,296,2003-04-04,non-activated
5118 6604 5060 2819,5,575,2003-03-01,activated
9764 5815 9608 2217,6,340,2021-06-09,activated
5783 4741 0121 5819,2,772,2015-05-10,activated
7301 3525 7528 2534,6,249,2011-01-05,non-activated
6714 6370 5064 4612,2,677,2018-06-02,activated
9918 9925 3812 3142,4,992,2015-05-02,non-activated
9131 7472 7689 3335,6,39,2012-04-08,non-activated
3112 5708 8945 5700,6,485,2013-05-31,non-activated
9980 8713 1463 3807,3,262,2015-03-25,non-activated
3108 4050 9763 8135,4,615,2005-01-03,non-activated
2573 3496 9599 5196,1,11,2022-01-11,activated
1564 4432 5094 4675,6,619,2002-01-06,activated
4807 4474 4059 0864,2,473,2018-06-13,non-activated
2133 6630 6202 2472,6,732,2006-02-26,activated
8947 7118 7740 0465,4,76,2004-05-25,activated
3532 1033 1822 7261,2,421,2022-07-05,activated
4482 1836 0953 6519,6,637,2019-12-21,non-activated
0178 2758 4867 4541,1,863,2008-08-14,non-activated
9030 4084 1992 0285,4,26,2001-10-29,non-activated
2642 6121 9289 6108,2,213,2001-05-06,non-activated
0477 0621 1774 4746,6,1000,2018-05-25,non-activated
4972 7034 6536 9223,5,89,2020-08-04,non-activated
2685 8625 4069 2417,1,28,1997-02-04,activated
9635 8156 5758 3432,2,225,2022-04-06,activated
5296 1603 6395 6706,4,616,2015-06-18,activated
1126 9078 5151 1202,4,795,2008-09-24,activated
5936 8893 4737 4646,2,625,1995-11-29,non-activated
6038 6850 8756 0229,2,165,1999-12-30,activated
6060 1452 1532 8910,4,98,2015-08-08,non-activated
0526 2085 6624 2850,4,637,2009-01-23,activated
9868 9388 5980 4250,5,405,1995-12-19,activated
2797 0159 4259 2675,1,900,2021-07-29,activated
3026 0844 5184 5591,2,117,2019-12-05,activated
3060 2061 5569 3174,6,845,2012-07-27,non-activated
7512 8785 9343 4378,1,433,2020-07-19,activated
1341 5692 0230 7118,2,757,1999-11-02,non-activated
7628 6420 8222 0693,6,956,2013-09-06,activated
5872 7861 4459 2070,2,26,2006-09-26,activated
3328 7226 2621 3692,1,919,2021-06-05,non-activated
8463 5625 5147 5822,4,175,2020-12-23,non-activated
0991 9253 6024 5290,3,971,2004-04-21,non-activated
9232 6794 7078 6107,3,927,2002-05-15,non-activated
8746 8405 5511 9088,3,469,2010-11-02,activated
3456 3324 9413 6373,2,715,2015-06-14,non-activated
9491 3465 2513 1945,6,440,2011-04-14,non-activated
4617 3495 6714 9971,2,424,2012-09-03,activated
6341 4432 5631 3522,1,509,2002-12-06,non-activated
2047 7693 9932 0920,1,103,2011-11-21,activated
9525 1636 2661 8149,2,891,2010-10-08,non-activated
1277 6299 0147 1656,6,273,2013-03-05,activated
8127 7557 6832 2274,2,527,2013-07-26,non-activated
9003 3173 7628 4128,2,195,1999-08-08,non-activated
3055 0717 3299 5984,4,744,2020-05-07,non-activated
2203 3488 2656 0789,6,787,2007-04-24,activated
4551 8928 6284 1952,1,82,2015-06-07,non-activated
8570 3607 6980 4312,5,678,2020-04-24,activated
5899 6165 0291 3649,1,469,1999-02-08,activated
8801 4589 4102 6312,2,600,2010-01-15,non-activated
3652 3251 3334 6603,3,609,2006-08-09,activated
8236 0892 5202 5615,1,201,1995-09-25,non-activated
0021 1623 5459 5967,4,891,2005-07-19,activated
4439 2605 7953 0064,5,546,2016-11-06,activated
7081 9383 2943 1973,2,130,2019-03-13,activated
6514 2205 7141 8449,3,176,2018-05-26,activated
4624 2221 9500 8427,4,382,1995-01-15,non-activated
5508 4453 4177 0108,5,950,2007-09-04,activated
9531 0028 3179 7024,4,793,2012-09-13,activated
2566 6284 4625 1015,2,299,2021-06-07,non-activated
6115 5911 1826 3582,4,130,2008-12-29,non-activated
0856 2648 1338 4570,1,371,2004-09-05,non-activated
0155 2597 8646 6493,6,887,1994-09-21,activated
0900 5720 4932 9789,4,720,2020-02-27,non-activated
4389 5908 3153 9220,4,160,2011-07-30,non-activated
4184 6504 7809 9584,4,148,2015-03-31,non-activated
2130 7507 4361 6891,3,819,1995-09-23,activated
5263 1618 9779 2210,2,464,2000-07-08,activated
0612 7998 5416 2656,6,933,2013-02-01,non-activated
4080 7256 9733 7236,4,264,2008-05-14,non-activated
2744 9612 3476 4204,3,76,2002-06-15,activated
5320 6337 0221 5179,2,989,2021-08-26,activated
2492 5597 3236 8560,2,947,1998-08-16,non-activated
6300 0051 5027 4731,2,94,2015-06-08,non-activated
8510 7214 9163 1644,1,59,2019-07-20,non-activated
5416 0222 6191 7551,4,909,2005-04-28,non-activated
2024 9590 1364 2217,6,49,2015-12-15,non-activated
6650 2958 5500 7730,1,709,2000-11-19,non-activated
2526 2654 0105 5820,3,508,2002-07-07,activated
8209 7297 8163 0551,1,164,2020-12-03,activated
9766 8610 9792 9223,2,474,2011-12-17,non-activated
9726 4772 0271 1907,6,657,2014-07-24,non-activated
5399 3639 0822 8780,6,527,2020-08-20,activated
5235 4815 1850 3415,6,64,1998-01-31,non-activated
8715 8797 9770 3878,1,362,2010-11-26,activated
3387 3103 5433 2327,4,960,2015-02-10,activated
5496 6205 6100 9884,5,745,2018-01-29,non-activated
2397 7920 2905 9586,4,760,1999-09-10,activated
1509 8855 8321 8419,2,569,2015-09-20,activated
6403 7242 1428 4581,6,278,2010-06-17,activated
8802 2885 8830 2973,5,742,2007-12-23,activated
4921 5458 7885 5076,6,503,2019-01-09,non-activated
8071 5926 0926 2618,2,558,2007-01-27,non-activated
3188 1909 1678 7136,3,536,2014-09-12,activated
0149 0852 4749 5277,2,795,2015-06-05,non-activated
0644 9612 7069 5687,3,627,2017-05-16,non-activated
0404 1687 1507 1677,4,651,2016-04-28,non-activated
6847 1716 8570 1384,4,284,2009-04-15,non-activated
5996 4561 4350 7737,6,504,2010-09-23,non-activated
7639 2635 3371 5668,6,966,2021-04-19,activated
8769 7314 7290 5690,5,345,2016-04-05,non-activated
9487 5024 4792 9693,2,439,1995-10-04,non-activated
1783 9955 2376 4249,5,734,2016-12-17,activated
4245 8502 8566 4246,5,197,1993-08-27,activated
7168 0966 4497 6691,2,349,2006-07-23,non-activated
7598 9779 8407 9239,4,382,2021-08-28,non-activated
2801 5113 9289 4231,4,165,1999-04-19,non-activated
4991 1447 5873 9919,1,935,2008-11-01,activated
7273 4534 6696 7955,4,24,2004-11-11,activated
4856 6686 6329 4617,3,143,2020-03-24,non-activated
3706 7535 8678 5959,2,798,2014-12-02,activated
3685 0255 3523 4757,4,678,2016-01-25,non-activated
2415 5039 8791 3292,2,104,2007-05-30,activated
9757 4923 7268 2851,2,39,2008-03-20,activated
4776 5397 2132 0222,6,123,2003-01-01,non-activated
4298 3850 9884 4616,2,132,2022-03-16,non-activated
0667 2252 5980 5995,6,277,2006-02-13,activated
1030 5382 6471 0241,3,212,2013-09-24,non-activated
6921 9739 1071 0611,2,270,2007-12-15,activated
0132 5207 1423 8954,1,719,2003-09-01,non-activated
6559 8795 6381 9221,5,210,2014-01-07,activated
8064 9245 8709 8705,5,686,2006-01-19,activated
6035 7793 0807 1243,4,601,1992-08-12,activated
6477 3383 1554 5044,3,534,2008-10-15,non-activated
6145 9093 6534 4753,4,561,1993-01-28,activated
4710 9023 5962 2033,1,43,2012-12-10,activated
9391 5597 6721 1368,1,606,1996-10-08,activated
2923 8390 7524 6007,3,792,2011-07-19,activated
0518 5608 6819 5301,1,452,2012-05-03,activated
6314 2789 9676 8270,3,681,1991-09-30,activated
9769 3347 7852 1445,3,298,2018-03-26,activated
2198 8180 0165 6711,1,28,2021-01-01,activated
9730 5496 2988 1070,6,297,2012-10-22,activated
1683 6008 2743 2972,1,414,2014-12-02,activated
7354 1948 8530 7417,5,737,2001-11-17,activated
6510 4112 0231 1461,1,641,2010-10-23,activated
1038 3609 3537 4602,5,602,2019-05-25,non-activated
6604 5583 3072 7479,6,84,2012-07-24,activated
2935 5814 1651 2332,3,710,2019-01-25,activated
7254 6722 3760 1428,5,697,2003-11-06,non-activated
2687 5954 4333 7110,1,739,2008-04-08,activated
2530 6992 1031 2789,1,168,2014-01-03,activated
1467 1634 1425 5281,2,194,2001-07-14,activated
8211 8827 3088 2202,1,545,2010-07-29,activated
4325 9122 0191 4297,4,19,1996-04-25,non-activated
4563 3418 1683 6051,3,739,2011-06-27,activated
5541 0083 3435 6984,3,72,1998-05-05,non-activated
8986 9978 0102 2107,1,714,2021-07-10,non-activated
9609 2204 8149 5837,2,127,2011-05-23,non-activated
2277 3517 2773 7842,6,505,2013-08-30,non-activated
3563 9830 3896 3805,5,575,2007-09-01,activated
3274 7221 7125 4580,6,606,2012-06-20,non-activated
4225 2477 6148 7151,4,715,2017-04-02,activated
4685 5632 2937 0753,2,116,2017-04-05,non-activated
6592 6664 4615 7175,2,509,2003-08-07,non-activated
7788 0419 9796 6162,5,895,2019-05-21,non-activated
3887 0019 7016 4490,1,531,2004-01-09,activated
0032 6748 5290 3133,6,276,2008-05-25,activated
1396 6967 2065 1795,3,874,2002-10-30,non-activated
5187 0752 6630 8102,5,348,2010-04-10,non-activated
7712 3353 9475 7570,1,385,1995-08-11,non-activated
6285 2548 4909 2548,4,543,2001-10-30,activated
6829 0810 9684 1190,2,910,2014-11-29,non-activated
3274 9219 2375 3931,1,111,2005-10-28,activated
6111 8090 5958 7105,1,735,2022-03-06,activated
1057 7818 6953 6833,5,543,2002-01-26,non-activated
5038 2752 8469 5023,3,624,2006-06-15,activated
1736 3760 5276 9658,1,66,2001-03-07,activated
8038 2472 8758 7732,6,724,2022-04-11,activated
2578 8188 5440 0062,5,935,2018-09-02,non-activated
3949 5787 3078 1475,2,234,1999-03-03,activated
7022 3673 5462 3739,1,727,2018-05-01,activated
6361 8634 1683 5164,4,308,2009-02-24,non-activated
1555 5824 8106 3145,2,712,2013-10-26,non-activated
3565 1229 7883 2644,2,928,2015-03-29,non-activated
8475 5901 2660 2923,4,957,2007-11-25,non-activated
6494 8757 7324 4352,4,319,2013-06-11,non-activated
0550 3003 2712 5730,2,522,2001-10-15,activated
2623 0893 7563 1795,4,532,2021-02-24,non-activated
2555 3129 1856 0066,2,969,2016-12-14,activated
9412 4230 6774 3856,4,544,2000-06-09,non-activated
5249 7393 3409 0391,6,412,2000-04-26,non-activated
5584 3090 6435 2267,6,221,2005-09-25,non-activated
6778 2342 3436 3666,4,780,1996-02-12,activated
0800 0259 1977 5658,6,917,1993-10-22,activated
4257 3795 6030 0336,6,167,2006-10-19,activated
5231 7095 2628 3463,2,346,2015-01-04,non-activated
0848 2400 0389 0298,3,485,2009-01-24,activated
3723 5383 4148 1050,5,780,2010-09-24,non-activated
8476 9248 7462 4855,4,343,2020-11-18,non-activated
0407 0211 0241 0341,5,158,2000-05-08,activated
2333 9916 5556 3279,6,931,2016-05-05,non-activated
6673 7376 2962 2309,2,519,2010-12-04,activated
7513 5850 0993 2571,1,972,2008-10-18,non-activated
8082 2975 3964 1931,6,259,2011-08-29,non-activated
5142 7708 1502 3171,1,271,2019-09-07,non-activated
6497 3210 0031 1546,4,718,2016-12-08,non-activated
7736 6175 2116 4234,2,597,2004-06-10,non-activated
6032 6918 9333 2246,6,891,2015-06-07,non-activated
0438 6803 7054 2194,5,288,2007-05-20,activated
1575 1572 7505 5233,2,667,2018-10-15,activated
7866 7698 5793 3152,6,277,2015-11-09,non-activated
6672 8951 3840 4768,2,158,2008-06-23,activated
2318 4294 4195 8658,2,501,2008-12-04,activated
3746 4960 5280 1284,6,462,2013-10-01,non-activated
3615 0890 6135 1470,2,131,2010-04-24,activated
2051 8405 4271 4919,3,668,2016-12-15,non-activated
4554 5912 2535 6063,4,460,1996-05-02,activated
1264 0745 2299 2761,2,612,2000-11-26,activated
9061 1218 8873 2504,6,998,2005-09-30,activated
5665 9216 0366 4504,2,946,2021-07-26,activated
0359 4973 4464 5726,3,460,2016-06-13,activated
2763 6160 5495 8374,6,925,2001-05-18,activated
9058 5627 4800 2180,5,676,2019-09-18,activated
2217 1063 6562 9568,4,508,2019-07-24,non-activated
3095 3201 8821 1999,3,893,1994-06-21,activated
6452 4109 4392 6005,4,44,2022-03-20,activated
4480 7809 5131 2365,5,186,2015-05-24,non-activated
7395 6417 9732 7395,4,6,2014-03-13,activated
6148 7345 0189 4771,1,708,2016-02-06,activated
9782 9614 1392 1042,5,557,2018-12-04,non-activated
7182 2531 8451 7413,4,59,2012-02-14,non-activated
7041 7158 6559 9620,2,92,2016-06-02,non-activated
5066 2770 1355 5451,4,989,2004-06-04,activated
1308 8556 6048 7748,4,982,2005-03-21,activated
8145 5106 1950 8614,2,311,2016-12-24,non-activated
6280 0569 1181 1249,6,90,2000-03-07,activated
2024 4638 0430 3474,5,280,2007-04-08,activated
4751 8422 0126 0475,2,326,2005-08-18,activated
4514 2271 8461 3963,1,368,2005-07-06,non-activated
5708 5304 4577 7607,2,301,2005-07-11,non-activated
7123 1724 6529 8486,5,15,2011-10-13,non-activated
8842 7240 5600 7424,1,860,2001-05-19,activated
3314 5728 9936 8816,2,969,2013-10-29,activated
1388 3640 7559 0513,6,985,2020-12-12,non-activated
0188 4496 5800 8571,3,839,2005-12-31,non-activated
1620 0339 0713 2359,3,617,2018-08-07,activated
1334 7227 6842 3138,3,274,2015-02-05,non-activated
1632 3430 6150 4724,6,999,1998-05-05,non-activated
8517 0182 4821 0165,5,796,2006-10-31,non-activated
5146 8009 5510 2993,5,825,2005-11-17,activated
9897 5699 6937 4179,2,281,2001-04-01,activated
7921 3925 5768 6063,1,102,2013-03-07,non-activated
2840 4337 0876 8786,5,976,2011-12-06,activated
6537 8615 1140 9510,4,728,1998-02-19,activated
5468 5799 9227 0911,5,856,1994-10-10,non-activated
9546 0033 1827 9915,4,828,2021-02-07,activated
8355 8712 3558 3929,1,671,2021-03-04,non-activated
0362 3900 0419 4369,6,63,2008-01-10,non-activated
2517 5393 0538 7944,6,434,2021-07-19,activated
0821 4335 6753 8659,3,377,2019-03-30,non-activated
6961 1332 4924 0264,4,24,2008-11-02,activated
0950 4719 0769 1643,4,571,2009-05-20,activated
5412 3052 7267 9124,5,165,2001-11-26,activated
7643 7345 1409 2077,5,884,1998-03-03,activated
5498 9038 6789 3850,3,280,2015-03-17,non-activated
0400 8007 1014 8308,1,971,2004-09-25,activated
3114 8475 3161 0818,4,203,2004-06-15,non-activated
4625 7743 0823 4011,2,79,1995-07-04,non-activated
9120 5773 2964 1007,6,568,2016-01-05,activated
2236 8257 0419 4320,3,772,2019-01-12,activated
2852 2246 9166 0999,2,305,1996-02-13,activated
4531 7379 1885 2146,6,711,2021-02-16,non-activated
1738 4903 6761 7701,6,853,2005-03-08,non-activated
5822 4048 6354 4982,1,117,1999-02-02,activated
9829 4585 0771 4813,2,176,2006-01-20,activated
4493 3275 1773 7413,2,499,2016-02-04,non-activated
2558 8870 3199 3537,3,23,2018-04-08,activated
6344 8542 0141 3757,3,290,2016-08-04,activated
9474 1181 1259 5555,3,172,1998-07-25,non-activated
4709 9776 2270 2193,4,940,2012-04-29,activated
9301 2836 4590 0791,4,772,2012-12-17,non-activated
0088 5855 4976 6409,6,415,2006-09-20,activated
4913 0633 4416 8544,1,188,2020-02-16,non-activated
6592 8671 0255 6340,4,600,2016-03-25,non-activated
7578 6951 7893 6330,5,72,2001-10-01,activated
4882 5426 3350 4025,6,67,2006-05-27,activated
7668 2825 1681 6523,6,456,2022-05-15,non-activated
0611 0377 3383 0663,2,250,2014-08-30,activated
5254 3855 8649 5932,3,747,2020-06-26,non-activated
3537 9018 1317 7366,1,9,2017-03-09,non-activated
0290 8682 0182 8786,6,373,1999-08-12,activated
9367 4633 8819 2802,3,243,2002-06-19,activated
0101 5052 1456 0363,5,998,2011-01-02,activated
1726 7312 1288 8194,2,199,2015-02-01,non-activated
6312 0026 3836 4775,3,196,2008-02-27,non-activated
9190 1316 3415 4761,6,306,2019-11-29,non-activated
1215 4068 8778 2790,5,491,2000-05-05,activated
5988 7330 9911 2479,1,931,2008-05-26,activated
2911 0298 1218 9564,5,389,2021-02-14,non-activated
8700 6962 7575 4758,6,366,2016-10-30,activated
3262 6127 4666 1482,3,474,2001-01-30,non-activated
0321 9017 3748 7449,6,280,2021-04-06,activated
1232 4251 2330 6015,1,339,2000-01-28,non-activated
3001 1968 9844 5005,1,11,2008-10-16,activated
8528 3041 7017 8712,6,108,1993-12-24,non-activated
5183 0115 2613 5278,6,217,2000-09-20,activated
2242 0189 6508 1322,5,881,2020-10-03,non-activated
6282 6573 3668 5309,3,968,2012-10-14,activated
9587 5376 4228 4136,5,762,2006-03-21,activated
4863 4733 1023 8810,1,464,2010-10-09,non-activated
3401 4508 1676 3244,6,1000,2018-11-13,activated
6521 1717 9791 4247,1,311,1993-09-13,activated
6558 4096 8847 5736,3,27,1995-01-27,activated
4388 4835 4443 0508,5,168,2017-02-28,non-activated
3040 1954 6799 2461,1,685,2001-11-01,non-activated
8156 8857 3462 0608,2,257,2011-02-03,non-activated
8465 1442 3311 2372,6,662,2010-02-08,activated
8986 6384 0287 8968,6,956,1995-12-13,non-activated
0064 7514 9959 7960,3,243,1999-07-17,non-activated
0500 6633 0131 2930,1,933,2020-07-24,activated
9394 7660 1396 7601,2,747,1994-04-23,non-activated
6223 1324 6928 6885,6,828,2016-03-13,non-activated
1932 6288 6993 1408,3,638,2011-01-30,non-activated
2238 3879 3742 4903,5,728,2005-04-29,activated
5490 9303 8847 2578,6,51,2008-08-03,activated
2463 4877 1818 9472,3,503,2016-12-04,activated
3711 7038 3423 7334,1,727,2011-07-15,activated
8576 7494 3375 6306,3,649,2010-07-13,activated
4020 1380 8812 7255,2,689,2005-07-18,non-activated
6194 0330 5018 0045,3,614,2014-06-21,non-activated
8112 0442 4979 3929,5,490,2012-08-21,activated
1506 2007 1437 0011,2,111,2014-10-12,non-activated
8303 0661 8419 3897,4,254,2015-08-26,activated
6803 3311 5523 8854,1,953,2001-03-29,non-activated
2425 3800 4071 2784,2,659,2003-08-15,activated
1458 1266 1868 5901,5,249,2016-12-31,activated
1802 6156 8707 6205,3,627,2001-08-27,activated
9964 3770 7803 9144,4,735,2005-02-08,activated
0992 5795 6357 3319,2,174,2008-01-09,non-activated
1920 0784 2192 8623,2,266,2008-07-02,activated
1543 9031 8231 9656,4,738,2009-12-21,activated
6306 1488 4881 1891,5,287,1992-04-07,activated
5835 6940 6194 8091,2,908,2004-01-23,activated
6206 9878 8744 3742,3,466,2001-09-29,non-activated
9706 6365 9707 0398,6,714,2017-01-27,activated
0355 1132 6037 5398,4,477,2004-07-07,activated
1103 5724 5095 6858,4,21,2021-02-04,non-activated
7020 6273 1173 9786,5,674,1993-02-01,activated
0764 3993 9655 4733,1,884,1997-09-17,non-activated
7990 8702 3839 4603,2,350,2017-06-23,activated
4207 3428 0447 6146,2,718,2022-01-03,activated
3148 4951 3797 9025,1,367,2003-07-02,activated
1222 3263 5243 2485,1,97,2015-05-19,non-activated
0836 0641 0390 1615,6,133,2007-07-16,activated
6972 4845 3215 4225,6,505,2021-02-11,activated
6774 8493 3517 1749,5,30,2012-03-02,non-activated
7003 0714 1271 1040,5,284,2016-03-06,activated
2520 1406 0288 9062,3,165,1999-08-17,non-activated
8310 4098 2039 4094,5,661,2006-12-26,non-activated
9319 2718 5409 2290,2,450,2010-11-09,activated
2552 1604 7560 2460,2,929,2004-07-27,activated
2276 1926 1519 5906,1,179,2005-12-13,activated
2960 5701 7903 2947,6,773,2011-06-11,activated
0741 3769 5185 0220,1,689,2013-08-06,non-activated
6151 6761 0566 4543,4,642,2008-08-19,activated
2014 2823 9373 7674,4,651,2004-04-17,activated
8998 2677 3639 4015,2,118,2001-08-05,non-activated
1693 9814 6113 2543,4,937,2021-05-12,activated
2656 8073 4163 0626,6,704,2009-02-21,activated
7995 2746 3652 8716,5,788,2021-12-24,non-activated
7806 9830 5123 1300,3,768,2008-02-18,non-activated
3614 7571 2723 7905,1,413,2018-03-13,non-activated
8577 9770 2777 2405,1,806,1997-10-20,activated
8625 6023 3263 0944,2,238,2004-08-10,activated
4209 6953 2787 9972,6,519,2011-02-06,activated
7840 8073 6246 6081,6,183,2013-06-06,non-activated
7329 0501 8422 0439,3,791,2021-11-13,non-activated
0867 4146 1519 1940,3,77,2003-10-12,activated
7555 2036 6572 4719,1,389,2021-02-27,non-activated
4662 4391 6137 4448,5,172,2019-01-17,non-activated
6121 2312 8628 9842,6,649,2012-04-04,activated
1213 3825 5743 0377,1,99,2016-04-13,activated
1036 1464 5315 7447,1,582,2022-06-04,activated
9440 5850 8203 2193,3,56,2009-06-13,activated
2165 2627 7564 5433,3,680,2014-03-12,non-activated
2107 4171 3761 9712,2,96,2006-07-22,non-activated
7163 2898 0699 5061,3,983,1997-09-02,non-activated
2095 0627 9080 2810,6,708,2012-11-03,activated
4841 5819 0581 1287,4,330,2010-09-11,non-activated
8719 1217 9001 7269,1,108,2005-07-10,activated
0594 7994 3175 6362,2,958,2019-03-17,activated
1023 0174 2014 3903,3,868,1997-07-20,activated
0657 1621 6470 8634,6,243,2010-01-23,activated
3084 3798 1686 7101,4,59,1995-07-26,activated
6864 6703 3756 3258,1,449,2010-01-09,activated
1215 2407 9048 3382,1,819,2019-09-13,activated
5685 4356 3302 7042,1,33,2014-11-09,non-activated
1092 1861 0654 8313,5,680,2011-12-28,activated
0184 3144 8169 1496,6,323,2022-09-15,activated
6923 5756 1918 6726,1,824,2015-01-29,non-activated
5765 2037 5255 0441,3,686,2013-09-21,activated
8763 7703 9286 1387,4,56,2016-08-08,activated
7993 0271 5407 2627,6,816,2003-09-24,activated
1480 5562 3244 8013,1,875,2002-09-12,non-activated
0508 0810 1277 2817,3,454,2004-04-10,activated
1696 8632 1808 5723,4,668,2019-10-05,activated
3390 7748 7891 5586,1,85,2011-11-29,non-activated
7231 0062 6034 5604,2,949,2021-02-07,non-activated
0928 2628 5042 0797,2,376,2001-06-29,activated
9999 3363 1119 0437,3,349,2021-07-19,activated
3076 5592 7477 9472,2,219,2018-06-24,activated
9646 2735 0047 7183,4,631,2020-12-13,non-activated
2002 0454 8241 2349,3,705,2019-12-19,activated
0049 2465 3535 2306,4,393,2021-11-07,non-activated
5532 2478 9823 5415,2,47,2020-11-12,non-activated
8895 7597 2448 8300,4,119,2004-06-26,non-activated
8860 3459 1120 5799,3,831,2014-04-28,activated
6342 4321 7741 6098,4,689,2005-01-20,non-activated
5389 2551 4910 7778,3,571,2021-09-18,non-activated
6387 0851 2105 6522,5,477,2001-08-08,non-activated
0303 6870 7488 8906,6,639,2022-09-11,activated
7729 2324 0217 5823,2,882,2009-01-23,non-activated
1140 4128 6869 3219,3,43,1991-06-29,non-activated
2838 9892 5195 1361,1,321,2003-08-04,non-activated
2823 0249 6919 9944,1,21,2017-09-26,activated
5629 4862 8969 4989,4,61,2018-05-24,activated
3876 1104 1959 4532,1,394,2005-11-27,non-activated
5377 1073 2823 3868,3,696,2009-04-09,activated
4389 6299 3380 4389,2,878,2019-06-03,non-activated
9841 5797 8214 7341,5,469,2018-02-22,activated
3017 8900 2773 0034,1,511,2017-07-27,non-activated
2405 8801 7802 1502,6,760,2007-02-19,non-activated
8224 1455 8376 6183,1,648,2019-09-08,activated
3562 1403 9010 7392,1,42,2015-05-17,non-activated
1149 1996 6131 0624,5,708,2020-08-26,activated
9587 8364 9993 7829,1,958,2014-08-27,non-activated
6369 5553 2731 6191,4,332,2018-10-10,non-activated
4401 7191 1468 3005,6,975,2021-02-05,activated
9030 2603 3757 5973,2,183,2010-07-05,activated
4468 6881 8852 3791,2,603,2003-02-16,non-activated
3359 3956 2291 2828,3,973,2015-08-25,activated
5067 0796 7736 5801,5,818,2016-09-11,activated
8692 8759 0835 5181,4,143,2019-04-01,non-activated
9614 0304 0098 5162,6,331,2000-05-01,activated
1437 7239 0410 0843,1,794,2022-07-03,non-activated
6984 3298 5643 6335,6,587,1993-12-31,activated
8199 7125 1754 1943,3,876,2001-06-27,activated
4640 2772 4562 6169,4,959,2008-08-24,activated
7106 2501 9075 8264,4,108,1993-04-25,activated
9575 2158 2733 7843,5,654,2003-11-22,activated
0076 5839 7623 0141,3,19,2003-04-14,non-activated
7411 6780 0402 2105,4,923,2014-03-26,activated
5413 3811 7182 8472,3,40,2003-10-17,activated
4181 7906 6983 9377,3,487,2021-12-28,activated
8963 1067 1589 0088,5,993,2008-08-31,activated
4168 3866 6772 6914,2,451,2006-04-29,activated
5160 9768 3970 8943,6,983,2004-10-01,non-activated
8707 8581 4461 0861,6,593,2008-06-03,non-activated
8372 8138 1888 7811,5,541,1991-05-23,non-activated
1138 8024 1247 9525,4,936,2003-02-02,activated
6308 1440 6537 5760,3,698,1994-03-13,activated
0833 3330 0785 3039,2,830,1998-04-13,activated
2400 5088 1360 8367,3,419,2015-03-31,non-activated
3127 8921 8607 8239,3,813,2009-06-26,non-activated
8546 7790 4379 4357,3,632,2018-05-12,activated
3869 5598 6070 7427,2,934,2009-05-05,activated
9189 1399 2009 8864,6,933,2016-02-11,non-activated
7201 9768 5306 1733,3,151,2006-10-04,activated
0725 1811 0630 1372,1,669,2005-03-02,non-activated
4701 5465 5465 4525,5,405,2020-04-26,non-activated
4751 4317 8811 9315,4,788,2016-03-08,non-activated
7320 3449 4765 4312,2,278,2001-08-01,activated
0410 6524 3837 8723,4,541,2006-10-06,activated
8378 5122 9386 4093,5,384,2009-08-10,activated
4588 5720 9644 2753,4,365,2009-11-27,activated
5195 1177 1714 0652,6,552,2022-04-10,non-activated
0061 8139 9200 4544,1,516,2005-01-23,non-activated
2022 8900 5883 3559,1,510,2022-09-13,non-activated
3513 1036 4058 2876,2,637,2010-09-20,activated
2700 0228 1311 8239,2,897,2011-03-02,non-activated
4168 9476 9942 4859,1,853,2004-04-03,activated
1523 6448 2687 9148,1,730,2017-10-03,non-activated
6674 4997 8087 6782,2,597,1997-03-11,non-activated
2080 9801 7762 4122,1,78,2002-05-15,non-activated
1521 5118 6636 7547,5,845,2003-05-29,non-activated
5136 2722 7217 9525,6,416,2006-03-07,activated
0994 7082 7475 1061,2,283,2007-02-27,non-activated
6547 4228 5089 2741,3,998,2002-11-11,activated
9295 1396 3416 7426,6,271,2016-08-09,non-activated
6720 7703 0364 1585,1,547,1995-07-31,non-activated
0200 4983 9375 3077,1,629,2020-05-17,activated
3207 5347 6881 8767,4,711,2015-09-01,activated
9491 3684 8129 7813,2,435,2019-10-25,non-activated
7495 3071 4122 1539,2,933,2001-05-30,non-activated
8131 1218 3410 7627,2,742,2017-07-08,non-activated
2774 7130 4044 6594,5,765,2019-06-21,activated
6944 9888 8186 8281,2,945,2006-02-22,non-activated
3807 3344 8936 5629,3,690,1998-07-08,non-activated
4938 5415 1009 8531,4,464,1993-01-03,non-activated
2174 9064 1151 8222,4,347,2008-08-27,non-activated
9189 6108 1343 3104,2,264,2014-08-30,activated
5066 6170 4757 5118,1,977,2003-09-16,activated
0853 6876 0535 8822,3,50,2019-03-05,non-activated
5296 1716 9333 1662,4,499,1998-10-28,activated
6712 2323 8706 9393,1,189,2008-05-02,non-activated
4660 9726 4982 6843,4,398,1996-10-29,non-activated
5063 3183 6558 9100,3,7,2011-08-15,non-activated
8328 6180 0816 6366,5,216,2015-03-02,non-activated
1003 2964 1903 4496,5,268,2022-04-17,non-activated
7702 4205 8569 4100,5,25,2011-04-26,activated
5790 0384 2955 3282,6,771,1994-10-02,non-activated
0361 2015 0921 7390,6,376,2004-01-18,activated
3911 6244 1419 6055,5,335,2012-07-27,activated
2671 4168 7425 9288,5,174,2019-03-11,non-activated
3943 7925 9641 1639,6,267,2005-05-18,activated
6335 4567 4431 0051,4,46,2010-04-06,activated
8724 3157 2017 1515,5,426,2020-12-23,activated
4561 4008 5602 0675,6,397,2012-11-14,activated
7168 2356 4491 2561,3,248,1994-01-28,activated
5871 5234 7884 7549,2,916,2013-12-18,activated
4545 1404 7925 6926,3,689,2008-03-16,activated
8992 2190 0563 5231,6,911,2000-01-03,non-activated
5611 1049 3339 5369,5,298,2022-02-19,activated
3173 1282 8064 9859,3,239,2019-06-17,non-activated
9004 9275 7439 5027,5,147,2010-03-28,activated
7868 5940 7382 3891,3,596,2008-06-01,activated
5932 7114 3825 1110,4,173,2005-03-12,non-activated
5420 2089 9368 3202,2,260,2011-11-11,non-activated
5042 9505 9690 9648,1,134,2012-07-09,non-activated
3497 3949 6507 4146,2,285,1998-11-01,activated
0377 2725 9976 2455,1,162,2009-12-07,non-activated
4852 4771 0258 6407,2,793,2007-08-24,activated
8026 8908 8550 0518,6,253,2021-03-08,non-activated
0935 6635 4117 3285,6,301,2005-02-17,activated
6630 1077 8111 8534,1,489,2019-07-24,non-activated
9813 6313 9887 6617,4,223,2000-10-22,activated
0663 1582 2636 0354,6,161,1999-05-12,non-activated
2666 0273 4755 1183,2,464,2020-05-22,non-activated
0934 2264 4882 9994,5,410,2009-06-15,activated
3320 3267 2157 0844,6,233,2011-08-21,activated
0353 3634 7540 9891,3,941,2013-03-13,activated
6901 8590 3607 6467,6,999,2022-01-31,non-activated
7297 3012 6020 3145,5,410,2016-03-27,non-activated
5687 7200 0130 2587,3,763,2014-09-13,activated
5537 0612 5948 1829,3,707,2008-08-14,non-activated
0443 5826 6540 3198,5,461,2016-10-04,activated
1436 6914 9751 2428,4,156,2002-12-17,non-activated
3911 7436 2672 1462,1,409,2004-06-15,activated
8142 7780 6648 9485,3,160,2016-05-28,non-activated
6439 9913 8660 3736,1,360,2016-09-08,activated
8976 8368 5910 6052,2,795,2022-06-06,non-activated
2525 6275 8852 5472,3,765,2013-12-13,non-activated
9056 6368 1092 9919,1,650,2001-05-29,non-activated
5620 1754 2985 3053,1,461,2012-04-03,activated
1260 8603 8472 7642,6,69,1997-09-29,activated
6936 0303 4621 3543,1,709,2014-09-19,activated
8420 9745 0100 8141,6,205,2018-11-16,non-activated
3799 5860 4622 5509,5,234,1996-09-23,activated
2805 7091 0249 3651,4,398,2001-07-20,activated
4520 9822 4254 2600,1,12,2019-08-02,activated
2049 6760 8853 1698,2,11,2004-10-09,non-activated
3598 6829 5806 0883,2,650,2001-08-23,activated
2104 6709 0566 3984,5,366,2015-10-27,non-activated
0465 2778 0882 5972,2,838,2010-12-16,activated
4896 7985 0151 0648,5,140,2020-09-23,non-activated
1652 9408 6356 1410,6,443,2019-07-31,non-activated
6814 7401 6177 8803,6,314,2019-12-15,non-activated
6253 2008 9594 8000,1,460,2007-02-12,activated
6280 4759 3082 4802,4,810,1997-01-15,non-activated
0031 8127 7852 4366,3,505,2000-12-15,activated
3067 8265 3401 6064,3,617,1999-10-09,non-activated
3837 6710 6867 2624,3,900,2004-11-22,activated
5769 3312 0545 7322,6,810,2003-02-10,non-activated
4248 2256 3088 7438,4,795,2017-06-15,activated
0420 5554 2165 6409,6,146,2018-03-23,activated
8968 8052 1004 8246,4,233,2004-01-27,activated
3856 2832 6116 8136,1,523,2013-09-06,non-activated
4141 0444 2318 7640,4,277,2009-08-20,non-activated
0412 6072 9434 4207,1,310,2020-03-30,non-activated
9021 9776 1680 0326,4,753,2016-08-12,activated
0950 0142 0499 9918,1,659,2020-11-30,non-activated
4047 8893 8471 8686,4,302,2007-08-27,non-activated
8691 8892 6880 2514,3,288,2013-08-17,activated
2996 1447 0471 9592,5,250,1992-12-07,activated
9592 5071 7056 3704,2,167,2006-12-22,activated
0300 5286 4567 4403,1,837,2006-05-18,non-activated
8697 2011 3842 4977,5,194,2003-04-03,non-activated
3963 0733 3336 6875,1,675,2015-11-26,activated
8473 2679 8850 6706,2,62,2015-10-02,non-activated
5195 4361 3783 4234,6,632,1997-09-06,activated
6913 8061 5576 5753,2,182,2011-12-30,activated
0911 8230 0103 3934,3,537,2009-09-03,activated
6577 4822 8606 3040,5,496,2008-01-17,non-activated
5200 4314 0497 9710,4,813,1995-06-12,non-activated
5396 6540 3513 9114,4,180,2020-02-04,non-activated
3267 5674 4378 1316,6,644,2012-12-06,non-activated
1925 0029 3635 5213,4,201,2017-05-29,non-activated
9505 5220 8009 8690,3,973,1997-06-07,non-activated
2321 8235 3354 3727,6,237,2010-03-29,non-activated
8946 9716 9267 7048,1,823,2022-06-07,non-activated
8852 4253 6620 9099,3,974,2012-06-12,non-activated
2487 3635 5899 0379,1,149,2018-12-01,activated
9092 4297 0061 4009,1,239,2004-01-03,activated
0310 9399 1329 0622,2,172,2006-09-23,activated
6457 6949 7913 0706,2,694,2004-04-01,activated
7336 4536 5048 1645,1,695,2014-05-10,activated
7507 5745 9959 4468,4,297,2014-12-15,non-activated
4650 8698 2855 2083,3,628,2000-07-23,non-activated
8854 8970 6072 6480,3,685,1992-11-12,activated
0306 3085 5529 7150,4,386,2000-11-21,activated
8473 1967 1366 3347,3,410,2015-07-13,activated
4799 8220 7061 6325,1,848,1996-11-27,activated
1146 7240 6426 4469,5,650,2000-07-09,activated
6359 3776 5151 0952,1,749,2009-03-18,non-activated
3915 5832 4328 5704,6,225,1996-07-12,non-activated
4155 0396 3929 9137,3,898,2017-02-05,non-activated
8318 0423 8783 9105,3,477,2014-04-07,activated
8066 0795 2106 9961,3,390,2005-10-05,non-activated
6180 9804 2408 7894,2,403,2006-07-20,activated
6789 4622 7873 0527,1,113,1999-12-18,non-activated
7635 8837 8032 4720,4,762,2012-01-18,non-activated
9291 0503 3931 4705,2,85,2006-01-27,non-activated
5255 2416 5107 4374,5,327,2011-11-14,activated
9689 7867 0015 6803,3,44,2000-07-10,activated
1744 7753 7546 4790,2,431,2016-06-28,non-activated
4132 3763 6158 1710,5,143,2001-10-09,activated
0198 2487 5066 3864,3,100,2022-01-23,non-activated
5580 8244 9786 9071,3,127,2004-01-12,non-activated
3309 6488 0651 7775,4,81,2014-10-31,activated
9643 6252 2919 7755,1,718,2012-11-03,non-activated
6587 4589 1863 8457,3,2,2012-12-30,non-activated
4465 8318 2955 2284,4,669,2021-02-14,non-activated
8195 2421 6376 4836,5,99,1999-01-23,activated
2226 7760 9417 9722,1,579,2019-02-22,activated
3042 9101 2096 8916,2,663,2017-04-09,non-activated
0700 0933 0427 0018,1,143,1999-12-01,activated
4465 2137 5995 0970,2,946,2001-12-29,activated
9495 6116 0282 5813,1,80,2006-08-16,activated
6334 7023 0933 8750,6,131,2017-11-19,activated
3521 8218 4700 0656,4,327,2004-07-09,non-activated
2081 1850 0585 0152,1,817,2008-11-25,activated
8670 1006 0108 1274,1,308,2015-01-03,non-activated
6817 5031 1965 9492,5,638,2013-10-04,non-activated
2295 9900 5277 1440,2,912,2006-01-29,activated
6482 5747 0961 6832,6,700,2005-11-26,non-activated
3683 2651 2586 3611,2,797,2013-06-10,activated
3241 4547 3304 9544,6,384,2000-08-04,non-activated
2364 3226 0592 9470,5,917,2000-12-19,non-activated
9631 4460 7346 1011,4,647,2007-07-18,activated
8575 7243 7834 6428,1,561,2006-09-14,activated
1821 4675 1024 2212,5,825,2006-08-07,activated
0807 9070 3233 5028,6,865,1998-05-29,activated
3013 6488 7940 4721,6,287,2009-03-21,activated
3006 9107 2262 3701,3,594,2002-12-17,activated
9176 1261 7236 4359,1,231,2013-09-20,non-activated
0849 0971 5021 0701,1,234,1994-11-30,activated
4957 5754 2334 2124,2,416,2002-09-18,non-activated
3974 8160 6553 5675,4,922,2017-11-21,non-activated
3240 2816 0267 0438,1,500,2007-04-15,activated
3820 4603 7547 3353,4,967,2010-12-01,activated
7892 7254 0383 0142,3,805,2019-03-11,non-activated
4170 4339 2647 0028,3,680,2017-09-03,non-activated
3378 1343 1465 7137,3,119,2022-06-02,non-activated
6914 7171 3127 0498,4,13,2004-05-12,activated
1528 9629 1295 6870,5,572,2017-08-21,activated
9226 8248 6744 9956,5,92,2013-11-20,non-activated
2564 3771 2366 7754,6,101,2017-11-17,activated
1822 6521 5886 7543,3,703,2006-08-30,non-activated
0940 1648 6333 5527,4,483,2017-04-28,activated
1396 1197 4835 0466,3,470,2008-07-24,non-activated
8521 7978 1251 8800,6,509,1998-08-16,activated
5036 3873 7432 7237,2,220,2006-06-28,activated
9155 4161 6428 3211,4,769,2002-08-13,activated
3205 5722 1100 5161,1,473,2005-01-20,activated
4632 9627 5577 5471,5,868,2003-09-21,activated
6111 7937 8054 4048,3,704,1995-06-11,non-activated
6043 7629 8322 7555,6,518,2014-01-19,activated
1026 8194 4471 0449,5,502,2012-11-09,non-activated
5271 0735 9756 2214,3,700,2010-07-02,activated
8858 9204 7465 7277,2,424,1995-12-05,activated
3366 1154 5253 4652,3,772,2008-12-25,activated
4408 7412 4871 1761,3,697,2000-02-27,non-activated
8053 9590 8928 1652,1,263,2013-06-05,activated
1343 1430 3518 5716,5,434,2003-08-25,activated
3874 7893 5347 3117,5,643,2003-07-02,activated
1398 6336 6220 3159,2,668,2003-04-08,non-activated
7929 4379 9835 4682,4,986,2019-08-04,non-activated
0552 0067 9624 3254,1,791,2013-09-18,non-activated
2573 5602 5730 8906,1,379,2000-09-19,activated
6968 6000 6115 3948,2,508,2006-01-08,non-activated
6854 9285 5650 5676,2,903,2011-02-01,activated
0587 7903 1489 4179,2,265,2019-04-26,activated
8187 2023 6113 9779,2,383,2016-12-10,activated
0527 5926 4564 3740,6,193,2004-01-02,non-activated
2711 0300 9340 2233,6,983,2022-04-27,non-activated
5829 2043 4866 7948,5,700,2008-12-10,non-activated
8218 1410 0255 0094,6,186,2013-03-10,activated
7249 5037 1876 9541,2,621,2019-01-23,non-activated
6318 0827 4003 6601,3,889,2003-12-06,activated
9061 3433 9243 4329,6,425,2016-05-12,activated
9890 4302 8561 8478,5,539,1999-05-31,activated
6032 7980 2423 6806,5,917,2003-08-30,non-activated
7649 6006 9704 0329,1,533,2018-08-11,non-activated
2976 1182 0268 2578,6,636,2002-10-14,non-activated
2354 3364 5753 1825,3,690,2010-08-16,non-activated
5915 7955 5820 0816,4,205,2014-05-22,activated
8920 1018 6810 2349,3,443,2012-12-31,non-activated
9024 6160 2198 0186,6,722,2018-05-22,non-activated
6502 5200 4463 3921,2,309,2007-09-26,activated
6189 9720 1851 9883,6,141,2012-02-20,non-activated
9406 2331 6545 2432,5,833,2000-11-28,non-activated
8352 5645 2404 6244,4,173,2013-03-03,non-activated
2808 1266 1705 7606,5,149,2008-11-24,activated
3494 3332 9209 3836,2,400,2017-01-17,non-activated
3465 8491 4096 2988,4,903,2005-07-09,non-activated
5881 3300 8068 7847,3,440,1998-10-30,non-activated
6171 8638 9742 0030,6,527,2021-01-16,non-activated
4432 5643 6896 6914,6,930,2007-04-10,activated
8691 5839 7385 5478,2,566,2007-01-22,activated
6650 0867 1968 2179,5,722,1997-05-09,activated
1210 3082 5403 3878,5,17,2008-05-07,non-activated
6048 3138 7870 3757,3,829,2001-09-04,non-activated
4210 5877 9338 7290,6,144,2017-12-22,non-activated
2947 1752 9662 5068,1,627,2021-07-12,non-activated
2544 8392 4488 6340,5,740,2022-04-28,activated
9329 2613 4331 7963,3,798,2013-01-21,non-activated
8491 3403 8427 9642,2,766,2017-05-12,activated
0754 7952 5146 2431,4,80,2014-11-07,non-activated
0319 4843 9213 9702,1,938,2006-01-31,activated
0803 8091 9936 1086,5,45,1996-09-25,non-activated
7191 5454 9961 5919,5,307,2011-12-24,activated
9636 2270 5738 1431,2,776,2007-01-07,activated
2351 2844 7143 0062,3,186,2007-08-26,activated
7770 5614 9108 1333,1,845,2015-01-20,non-activated
0622 4349 8932 2792,3,693,2006-09-24,activated
5724 7771 5525 8491,1,707,2013-03-12,activated
7944 2224 6148 9596,1,294,2015-07-03,non-activated
9558 9815 5402 0724,5,561,2014-10-06,activated
0730 8011 0501 0394,3,842,2018-04-10,activated
3782 3234 2645 0828,2,84,2022-01-31,activated
6522 4407 2080 7090,2,581,2008-09-05,activated
9201 9960 6116 3855,5,801,2013-07-08,non-activated
0232 8868 2954 5027,1,322,2022-02-03,non-activated
6804 2075 7263 8260,2,231,2001-01-20,non-activated
1278 9931 7858 4465,2,203,2016-11-08,activated
7878 7379 6111 0601,4,337,1994-07-13,activated
6039 4059 4258 9318,3,473,2020-04-14,activated
0022 0926 0569 2414,6,262,2005-08-22,activated
9887 9893 1702 2010,1,714,2019-08-03,non-activated
3094 6981 8461 9152,1,275,2015-02-23,non-activated
1026 5940 8301 4908,3,844,2020-05-24,non-activated
7813 6678 9691 9143,6,825,2006-01-31,activated
2878 7013 7586 5217,4,942,2017-08-12,activated
3832 5313 5508 0838,6,202,1995-04-22,activated
4418 5158 5296 4790,1,455,2008-03-09,non-activated
4420 7705 4607 7558,2,941,1996-11-27,activated
4793 3655 4721 8576,5,30,2008-09-22,non-activated
8663 7818 7705 9620,5,674,2002-11-14,non-activated
3147 5664 4236 3126,1,721,2011-11-09,activated
0437 2847 2521 2635,4,443,2005-06-21,non-activated
7864 3838 6520 3216,4,628,2008-12-19,non-activated
1864 1166 5303 9775,6,987,2008-10-02,non-activated
5569 4346 9525 6973,5,228,2017-08-18,activated
6506 4619 5537 2478,5,168,2002-02-02,non-activated
3192 2921 8552 1260,3,385,2014-04-10,non-activated
9126 9943 6218 6855,3,215,2001-05-23,activated
0012 8001 2712 8164,2,691,2006-03-29,non-activated
8241 9259 3985 9643,1,955,2008-07-05,activated
0711 6735 4128 3759,4,979,1998-05-09,activated
3821 4480 1511 2664,1,166,1990-08-09,activated
0879 7284 8649 0594,6,788,2011-08-25,activated
9758 8616 7763 4383,6,442,2003-03-31,activated
1855 0985 8105 9106,4,919,2009-10-16,non-activated
0735 9850 2775 5661,5,115,2008-06-10,activated
5164 4717 1008 0185,1,158,1999-08-17,non-activated
3188 8444 4289 2694,5,613,2006-09-15,activated
0428 2985 1538 3234,2,735,2022-02-27,non-activated
0097 9227 3073 9289,6,891,2012-05-21,non-activated
1389 0982 0260 4511,1,53,2004-10-21,activated
8161 2338 9957 3657,1,447,2013-10-30,non-activated
9757 1792 5884 3159,1,820,2004-12-02,non-activated
7968 0034 5934 0807,3,610,2009-07-20,activated
6262 6697 2242 6773,1,222,2013-07-07,activated
8046 5292 7167 9912,6,990,2006-03-16,non-activated
2491 9681 4053 6542,3,277,2013-04-18,activated
1851 3856 6561 6593,3,29,2002-11-02,non-activated
9998 3615 9445 9667,4,875,2013-07-24,non-activated
2921 6236 1557 5094,2,563,2010-02-20,activated
1688 6123 2764 6589,5,751,2016-06-19,non-activated
5631 3629 1541 4206,6,279,2010-04-12,non-activated
7844 8889 0835 1699,1,618,2014-03-07,non-activated
9279 0923 9857 9282,4,860,2017-10-22,non-activated
0901 2889 5694 3387,3,990,2022-01-16,non-activated
8279 7333 3953 3066,6,794,2009-09-05,activated
6999 9441 3508 4740,1,230,2001-01-17,activated
9962 8024 7537 4353,2,368,2018-01-02,activated
5147 5164 8224 8195,2,568,2019-07-20,activated
5721 8568 2568 0174,4,742,2007-01-04,non-activated
7544 2530 4403 0566,4,260,2007-08-29,non-activated
0724 2980 5011 7004,5,190,2020-07-03,non-activated
1348 4500 8533 6140,3,544,2011-12-04,non-activated
8199 6764 1414 1372,4,620,2018-07-28,non-activated
0084 3330 0569 6963,3,2,2006-12-24,non-activated
1319 3159 1103 0729,5,874,2018-10-25,non-activated
5993 4284 1178 2667,4,802,2011-02-05,non-activated
8146 9694 9702 6941,3,327,2022-08-08,activated
1934 1816 6904 1432,4,812,2021-10-16,activated
2469 6473 1281 5731,4,827,2015-02-28,activated
1698 2307 4779 1722,1,819,1996-03-03,activated
9782 6488 9777 0501,2,514,2020-11-26,activated
1068 9360 5777 6174,5,80,2021-09-24,activated
8404 9814 1910 7875,5,976,2000-09-18,non-activated
4251 7537 4770 1460,3,232,2013-04-12,non-activated
9079 3563 7254 3653,6,327,2015-12-09,non-activated
5571 0258 2186 8913,3,553,2009-01-10,activated
4595 4805 5054 7705,3,665,2021-02-14,non-activated
3944 8342 7979 1682,6,393,1996-06-11,activated
4321 8354 3339 2645,4,647,1997-09-18,activated
6977 9637 8900 3868,6,98,2016-04-02,activated
4814 3306 2116 2118,1,650,2002-12-31,non-activated
9399 7856 2272 0730,6,162,2010-01-03,non-activated
7063 3224 6837 3501,2,678,2008-05-02,non-activated
9554 0138 9633 8781,3,193,2004-04-21,non-activated
0818 6200 6043 9337,3,636,2002-08-18,non-activated
9751 3738 0899 9487,2,886,2015-03-09,non-activated
2151 1932 0075 6763,2,353,2001-05-19,non-activated
2747 3394 1989 6619,4,754,2017-05-28,activated
4333 2162 0668 3384,2,606,2013-07-24,activated
2129 8777 8850 7487,4,263,2015-03-02,activated
9984 5470 8862 5607,4,270,2021-08-15,non-activated
0152 4635 4146 7717,6,671,2008-08-07,non-activated
4386 4520 6126 3288,4,200,2022-05-07,activated
5026 2265 1106 6581,6,207,2017-11-05,activated
2453 2621 6792 6341,6,176,2005-04-15,activated
7669 5584 1818 4498,3,39,2021-03-17,activated
0298 4912 3591 5019,3,377,2011-11-09,non-activated
4029 6604 6546 4878,2,26,1997-10-21,non-activated
1694 0814 2934 7711,4,860,2011-03-24,activated
5597 9710 5449 0670,5,194,2012-10-09,activated
7062 3683 2172 0358,1,272,2008-09-27,non-activated
1883 4678 7268 8714,4,659,2018-11-15,activated
6519 2879 7520 4614,5,378,2018-01-01,activated
2721 8602 4663 9297,2,308,2020-08-01,activated
7439 3767 6131 7684,3,960,2016-03-04,non-activated
1060 5196 7311 2145,6,87,2019-09-20,activated
4939 4107 2478 2767,4,523,2009-04-12,activated
7504 2900 2323 8257,1,707,2021-11-30,non-activated
0921 6842 2138 3355,2,520,2014-09-24,non-activated
2574 3676 9364 1392,2,270,2008-07-20,activated
2696 1562 0466 0962,6,991,2001-09-29,non-activated
3845 4952 8527 5685,1,565,2007-12-05,activated
2064 2802 1048 2116,1,984,2008-09-28,activated
3713 2707 2871 1227,6,745,2014-11-13,activated
5138 2079 2595 0100,3,316,2007-09-06,activated
9023 9659 6559 9756,1,880,2022-01-02,activated
9482 7020 1073 6319,3,751,2011-08-19,non-activated
4346 9630 3297 9347,1,618,2004-09-25,activated
3145 0944 1199 7091,1,915,1992-11-01,activated
0531 6185 0511 6822,3,718,2008-01-31,activated
1623 3510 6036 9727,1,585,2005-06-20,non-activated
2210 6800 4128 9229,2,814,2003-05-16,activated
6179 5086 8755 4835,2,511,2015-06-22,activated
7561 5766 8444 5623,3,579,2002-09-23,activated
7692 1541 4756 3232,2,824,2005-05-22,non-activated
6451 2916 5416 0527,2,131,2016-03-23,non-activated
0432 0119 8726 1586,6,417,2018-04-22,non-activated
2705 5861 8156 4313,4,151,2007-12-08,activated
7243 2310 1903 3938,5,669,2014-05-28,non-activated
2283 7555 3163 3065,3,228,2015-07-06,non-activated
7923 4251 7978 5983,6,93,2000-12-07,non-activated
7446 7537 1344 3675,5,68,2015-07-18,non-activated
4773 9231 5167 3109,2,766,2010-11-30,activated
9094 8013 7905 1442,5,59,2001-10-07,non-activated
6146 9630 8049 2985,4,218,2014-08-08,activated
1230 6286 5244 0154,6,541,2009-05-15,non-activated
0538 5722 4075 2306,2,304,2008-02-18,activated
8588 1254 8934 6816,4,669,2005-06-15,activated
5339 8853 9331 2731,1,830,2001-10-31,activated
7847 1629 6351 6533,4,429,2017-12-08,non-activated
2957 6042 9028 9271,3,417,2012-10-27,activated
9794 8682 5567 0153,1,24,2013-10-24,non-activated
7805 4815 7975 9827,2,974,2001-10-27,activated
8935 3670 9300 0437,5,272,2003-03-13,non-activated
3515 3977 1485 1696,3,460,2021-12-05,activated
8221 2816 0866 4748,1,747,1998-04-16,activated
8612 6033 3303 1626,1,629,2022-04-03,non-activated
0574 3682 8881 5811,2,186,2008-01-14,non-activated
3248 1240 9954 3177,3,544,1997-10-06,activated
6567 3793 5311 6822,4,994,2020-07-28,non-activated
0841 6736 4865 4763,5,530,2007-10-09,non-activated
2350 0724 2735 0539,6,777,2008-10-11,activated
7256 2391 8649 3586,2,698,2005-09-04,activated
2465 8510 2059 8084,4,501,2006-03-19,non-activated
3337 9154 6155 3461,1,605,2007-04-17,activated
3408 1110 0668 0092,5,826,2011-05-04,non-activated
9273 2487 1396 2742,3,985,2009-11-17,non-activated
9134 4025 6496 5639,1,92,2015-10-07,non-activated
8172 8721 9234 5514,5,975,2018-09-14,non-activated
4007 6084 1697 4458,3,693,2015-03-11,activated
7063 0667 3648 2837,3,479,2007-06-05,non-activated
3386 7796 9540 7513,2,767,2008-07-11,activated
4763 7318 3265 9412,6,378,2015-01-22,non-activated
8293 4272 8366 9566,4,611,2017-06-22,activated
8888 8591 1827 8177,5,408,2011-06-27,non-activated
2129 6296 9216 4477,6,529,2016-02-14,non-activated
6976 7827 4838 7974,5,273,1999-11-13,non-activated
1032 7432 9922 7232,4,268,2005-06-10,activated
2534 2272 2918 6444,4,836,2012-06-23,activated
8287 6528 7059 5867,4,422,1999-07-11,activated
9335 7330 2063 1183,6,264,2017-02-07,non-activated
1898 4598 9944 9708,1,156,2013-08-31,activated
7210 3122 8064 2330,1,364,2004-07-15,non-activated
6448 8585 0699 9492,3,39,2013-02-20,non-activated
4859 0083 3753 6176,5,371,2011-10-19,non-activated
7468 9435 9352 9593,3,627,2016-08-21,non-activated
5210 4169 5173 8684,1,685,2006-12-08,non-activated
0836 0395 6576 7138,2,645,1998-06-10,non-activated
2403 1035 2783 4098,3,401,2011-12-17,non-activated
6930 2884 6305 7926,6,555,2000-04-09,activated
4555 4743 3717 9782,4,298,2006-08-07,non-activated
5272 2077 5827 8604,1,148,2019-12-26,activated
9177 9918 4007 5000,4,929,2017-03-04,non-activated
9339 3082 2050 1404,6,97,2012-05-19,non-activated
4054 2979 0091 4820,4,656,2004-10-13,activated
2191 5906 2116 6954,3,288,2002-07-20,non-activated
5153 7722 3353 5511,2,67,2002-11-11,non-activated
0318 5184 8387 9545,3,114,2000-04-11,activated
0028 4385 1270 3918,6,475,2017-11-05,activated
4930 6279 2337 8426,4,25,1997-06-17,non-activated
7429 1868 2587 1758,6,545,2006-10-11,activated
0980 9885 3781 7864,4,185,2010-02-06,non-activated
6420 9245 9232 5938,2,626,2018-04-25,activated
5925 7304 5431 5279,6,369,2005-10-11,activated
9853 8262 7758 9398,3,159,2006-12-01,non-activated
7192 3897 4618 8208,1,894,2006-09-21,non-activated
7198 4991 1237 0496,2,763,2021-10-08,activated
7584 2421 7693 2013,2,938,2014-11-11,non-activated
0834 1835 7618 7469,1,399,2008-04-03,activated
0228 4765 6111 4649,6,168,2001-03-11,activated
9247 1732 1059 2195,3,90,1993-12-30,activated
8639 6448 7959 2109,3,329,2021-06-15,activated
3841 5452 8050 3015,3,733,2013-06-16,activated
2916 0635 0841 4499,5,448,2000-07-19,non-activated
3775 5430 5460 6585,4,59,2006-11-05,activated
7920 5061 7663 6427,5,382,2016-04-15,activated
2151 9380 9105 2504,1,608,2002-09-21,non-activated
8227 1984 2260 6136,6,90,1999-09-27,activated
9975 0026 3192 3223,2,115,1997-08-13,activated
8951 9565 0877 7147,1,36,2000-07-26,non-activated
2654 3259 7154 7982,5,377,1996-05-02,activated
6784 0272 4741 8671,5,899,2014-04-23,activated
2999 0670 7533 9132,2,827,1998-10-18,activated
3451 5864 9700 1413,5,700,2004-07-09,activated
6647 3886 1666 0786,6,310,2005-12-15,non-activated
9758 5815 8610 2037,1,182,2015-01-08,non-activated
7947 8205 9189 1767,3,384,1996-06-04,non-activated
0093 4906 3235 5825,4,225,1994-09-10,activated
7983 6221 2806 4449,2,496,2007-04-01,activated
7834 1491 6343 0526,4,648,2022-05-15,non-activated
7625 0830 3610 2133,4,480,2005-09-25,activated
0890 5376 9932 2585,2,819,2006-11-18,non-activated
1301 3331 6011 0657,4,423,2012-01-26,activated
1936 8003 6282 8731,6,467,2011-03-14,activated
6183 1575 9237 4918,6,374,2014-02-14,activated
9435 6291 0899 1055,2,721,2014-08-17,non-activated
3185 5477 4008 3295,6,637,2014-04-16,non-activated
2754 8660 7843 1634,3,914,2004-07-24,non-activated
9447 8502 6040 8433,5,325,2012-07-12,non-activated
5217 9251 6173 2470,3,784,2006-01-28,non-activated
0968 7545 8452 3253,1,494,2005-06-03,activated
6076 8252 6705 8763,6,767,2019-09-02,activated
6273 2230 4577 6806,4,690,2010-08-17,activated
9599 6724 0404 0603,1,567,2015-08-26,activated
2826 2673 1438 3867,6,268,2003-05-23,non-activated
0113 4528 0906 0313,2,981,1990-05-03,non-activated
8503 7489 8289 5713,2,560,2018-02-27,non-activated
4049 6648 8148 7890,4,771,2022-09-27,activated
0568 7040 9034 6535,5,535,1998-11-22,activated
4809 6286 4627 2717,4,359,2015-01-07,non-activated
0125 8170 1749 7542,5,600,2017-08-25,non-activated
8367 7443 0653 4396,5,411,1999-10-26,non-activated
2341 4813 2192 9163,3,671,2003-03-07,activated
5479 8873 0989 0518,1,813,2008-09-13,activated
1545 9764 9703 1537,3,215,2010-09-26,activated
1921 3843 6139 1262,4,773,2005-05-17,non-activated
8077 9254 1853 1069,1,449,2004-08-04,non-activated
8212 3395 9764 6084,2,21,2010-07-28,activated
4856 8903 6216 1614,3,367,2014-10-06,non-activated
4134 0457 9499 8194,5,28,2016-01-25,non-activated
6573 5892 8573 4845,2,762,2013-02-23,non-activated
3924 3637 8691 1851,4,977,2013-01-04,activated
9806 7348 4905 1675,6,313,2013-09-01,non-activated
2609 8602 8629 5349,6,447,1993-08-31,non-activated
5673 0408 4928 1805,3,431,2012-07-13,activated
7711 1387 3302 4831,2,284,2012-07-17,non-activated
7275 9210 7305 9915,5,761,1997-07-01,activated
6074 1955 6607 4807,1,998,2011-09-17,non-activated
7776 0190 6575 2312,2,695,2003-05-25,activated
7770 5677 7695 5432,3,447,2016-03-23,non-activated
3072 3276 0297 4232,1,226,2013-04-27,activated
0040 9062 5614 6756,3,994,2004-02-13,non-activated
4099 2800 4013 8574,3,908,2018-04-01,activated
5538 3604 2988 6432,5,505,2016-12-05,non-activated
1274 6430 1463 3041,3,733,2013-02-27,non-activated
3452 2605 0870 3304,4,745,2013-01-11,activated
1899 8860 8180 9390,4,608,1996-03-25,activated
6017 7572 4588 5985,1,682,2008-06-24,activated
9829 6250 2803 2761,5,68,2003-05-30,activated
2639 9736 9807 3470,6,672,2012-11-14,activated
5023 6261 1079 2035,6,517,1998-01-12,non-activated
1544 2859 4856 9437,5,671,2018-06-27,non-activated
4040 1805 1728 2259,3,429,2019-07-08,activated
4344 6694 2491 3895,5,961,2011-04-09,activated
1004 1935 9831 2696,2,593,2002-01-06,non-activated
9476 4478 2092 9145,2,223,2017-04-16,activated
9584 7592 1200 9488,2,13,2008-08-20,non-activated
8695 7630 0982 4829,6,11,1999-09-02,non-activated
3684 9595 2779 8489,3,681,2021-10-02,activated
3588 6954 2534 5866,1,665,2001-07-22,non-activated
4263 3537 0031 7455,1,413,2012-11-11,activated
2827 0067 4014 8948,1,726,2008-08-28,non-activated
1377 8153 5599 6805,2,250,1998-06-06,activated
5807 0586 0785 3948,6,407,2011-12-12,activated
2242 3957 9115 7807,1,92,2008-11-03,non-activated
3079 4801 4976 4693,5,609,1998-10-18,non-activated
4843 1152 5330 9129,6,592,2018-01-12,non-activated
8129 7350 7273 1262,6,760,2013-10-13,non-activated
5855 3206 9540 7886,4,425,2014-08-25,non-activated
8427 7411 6992 4249,1,748,2008-10-07,non-activated
9703 8941 9996 7899,1,670,2008-02-07,activated
6379 8876 3992 4011,3,988,2011-07-01,activated
0188 6965 6149 6598,5,825,2021-03-13,activated
2060 5197 5694 0456,3,61,2019-05-20,non-activated
0112 0070 1917 0580,6,85,2006-10-22,activated
3757 0575 9588 5219,2,412,2004-11-26,non-activated
5116 7709 9125 4654,2,291,2017-03-12,non-activated
0145 5470 6189 4545,1,180,2008-05-05,non-activated
0539 1477 7087 2758,5,399,1998-02-15,activated
3093 9734 1336 7223,6,378,1999-02-23,non-activated
8328 5328 7970 4931,4,114,2000-08-17,non-activated
0567 6916 8627 7981,1,998,2002-01-06,non-activated
7386 3837 9545 0709,4,66,2000-04-16,activated
5208 4674 5562 4975,5,311,2013-07-14,non-activated
4996 1063 8886 6977,1,605,2010-07-01,non-activated
7281 7717 9521 4860,3,58,2009-02-23,activated
6489 6684 5058 4433,5,641,2007-09-25,non-activated
8193 1049 5457 1488,2,825,2011-05-06,non-activated
6611 5581 8741 0583,5,248,2009-12-09,non-activated
3695 4072 5081 7099,1,198,2002-01-21,activated
6932 1022 1459 7279,3,359,2022-02-26,activated
5925 3793 7943 9761,3,307,2009-03-04,non-activated
0428 6165 5308 3752,5,892,2004-07-11,non-activated
1709 5928 4844 1410,6,823,2016-06-13,non-activated
0298 3297 4264 2418,3,451,2016-08-27,non-activated
1270 7454 2784 1040,4,808,2001-03-04,activated
0722 3126 5695 3823,4,239,2022-05-05,activated
8541 6460 9174 8577,2,447,2017-06-22,non-activated
3107 4434 3120 3989,5,321,2004-11-23,non-activated
7178 4068 9511 0958,2,831,2012-12-25,non-activated
4321 8738 6881 3733,2,518,2018-07-14,non-activated
9964 8460 2804 7399,6,719,2013-02-03,activated
7585 1900 4275 9019,5,467,2013-10-26,non-activated
1053 2383 7687 1960,5,377,2021-12-12,non-activated
3958 0111 4747 0012,4,542,2004-08-06,activated
4194 5878 1262 9591,1,160,1996-08-31,activated
9309 8761 6002 2734,1,702,2015-06-09,activated
6437 4943 7048 7587,5,699,2002-01-16,activated
0519 9209 1745 5010,3,831,2010-05-22,activated
7705 2386 0116 2898,3,25,2003-10-24,activated
6813 0044 9514 5004,6,376,2010-02-10,non-activated
4134 3447 0301 1263,6,408,2008-10-21,activated
8656 2036 1392 6891,2,455,2003-10-09,non-activated
4103 3892 4541 9187,4,679,2012-12-07,non-activated
6197 4903 1832 1176,6,148,2000-08-06,activated
6704 2454 6540 4529,4,818,2017-05-16,non-activated
8369 1875 2261 9511,5,2,2009-08-06,activated
3018 5014 1430 0454,5,944,2022-04-17,activated
7054 3201 9637 8816,1,767,2005-11-22,activated
0490 4461 8341 6657,2,676,2014-09-10,activated
4938 2144 3917 9335,3,76,1996-08-02,activated
6197 3255 8545 1956,6,238,1994-07-13,activated
4094 8983 9163 6923,4,217,2019-01-21,activated
5539 8283 4249 2501,3,663,2022-01-18,non-activated
4043 9735 7975 6886,3,321,2004-06-26,non-activated
9074 5732 7263 3798,3,671,2000-11-28,activated
0198 1507 2392 0106,6,388,2020-03-22,non-activated
5125 0757 9557 8496,3,737,2002-01-25,activated
5879 6218 9748 8736,1,941,2011-02-17,activated
3252 3761 5541 1091,3,330,2022-09-07,activated
3960 4745 0014 3596,1,317,1998-11-15,non-activated
0135 4825 5605 8043,4,584,2009-08-28,non-activated
3208 4307 3922 4995,2,586,2013-01-27,non-activated
8516 8160 3089 1953,6,653,2020-07-15,non-activated
3725 1292 7227 9865,5,150,2007-09-25,activated
8714 2498 4326 6316,6,119,2003-09-04,non-activated
7983 7616 3547 6917,4,409,2002-01-29,activated
9176 5067 1331 1570,1,848,2006-06-25,activated
6887 9557 1108 8642,6,516,2013-04-14,non-activated
7650 9171 4018 6762,3,25,2005-01-30,non-activated
1098 2616 0760 6266,3,48,2012-12-31,non-activated
3044 1413 9636 8467,5,982,1993-10-26,non-activated
2012 5849 2530 8510,5,546,2010-08-14,non-activated
3358 4978 7840 3483,6,58,2015-08-20,non-activated
5616 0545 2122 8018,5,19,2014-02-25,activated
6645 1126 1888 7633,2,27,1999-05-23,non-activated
2672 2844 9935 1872,5,184,2020-08-30,non-activated
0883 2287 7903 6923,1,686,2006-10-01,non-activated
0398 2346 5693 2560,4,486,2017-05-03,activated
6528 2398 7102 6659,1,505,2013-12-27,non-activated
3302 0286 6647 1140,2,261,2004-06-24,activated
0996 6798 0233 7857,5,294,2012-10-30,activated
7701 0371 7855 0221,5,620,2019-02-06,non-activated
6032 0871 3198 5387,6,5,2008-08-26,activated
2068 2025 9094 2808,2,49,2013-07-23,non-activated
2319 7533 4670 1222,5,303,2007-11-05,non-activated
5042 2064 3914 5657,4,753,2002-03-30,non-activated
8479 8358 0456 2254,3,826,2008-10-05,non-activated
4454 7780 4636 7841,1,327,2011-06-03,non-activated
4658 4636 4899 4249,5,140,2022-04-17,activated
6911 9084 2676 2402,3,171,2019-03-01,non-activated
9572 4646 9809 7679,4,447,2015-12-15,activated
8377 5129 0651 3965,5,348,2006-05-19,activated
6233 2901 9441 0125,1,704,2002-02-28,non-activated
5195 6893 5328 4468,3,448,2009-04-04,activated
5049 9408 1924 0209,6,592,2002-06-09,activated
0741 8859 1586 2582,6,570,2016-06-10,activated
6727 0651 7921 5669,2,345,2019-05-19,activated
4056 3225 5044 0678,1,272,2017-10-11,activated
8612 7750 8100 1726,2,709,2015-12-12,activated
5009 2247 4226 3552,1,465,2002-06-15,activated
8178 6152 0299 7070,1,585,2001-07-19,non-activated
0553 6774 7572 6515,5,628,2008-11-24,activated
9077 1016 1940 4636,3,728,2017-01-21,non-activated
5716 8410 6605 9571,5,818,2012-12-25,non-activated
9913 2555 6563 7735,5,582,2018-08-10,non-activated
7441 3085 3774 3623,1,194,2022-09-25,non-activated
8857 6162 6569 7742,1,674,2003-09-22,non-activated
6422 9891 9564 5412,6,580,2021-02-02,activated
8936 4332 7278 6503,5,457,2005-08-17,non-activated
2413 7419 2856 3053,3,791,2013-12-17,non-activated
2390 6337 1878 0675,6,689,2006-03-31,non-activated
4429 0592 5080 5459,3,244,2012-12-01,activated
4346 7768 4177 5062,3,195,2007-10-20,non-activated
4661 9239 9488 5865,4,666,2006-01-11,activated
3911 1112 9696 1074,5,383,2021-02-01,non-activated
0242 1407 5375 3984,3,604,2010-01-15,non-activated
7610 0525 2134 5695,5,122,1991-07-17,activated
0615 7652 3108 5041,4,463,2004-08-08,non-activated
5091 6860 0912 1779,5,846,2005-05-23,non-activated
3423 6874 7432 4483,4,166,2019-11-01,non-activated
6878 5019 2887 3854,3,264,2014-05-07,activated
3912 6715 7291 6530,4,715,2007-01-26,activated
3460 0280 5090 1973,3,965,2014-12-07,activated
2158 6548 2092 6349,6,485,2000-05-19,activated
7786 7913 1303 8593,4,182,2000-08-12,activated
5411 6486 4464 1212,1,177,2017-04-26,activated
6388 4778 4857 8728,3,859,2014-09-30,activated
7405 4358 8008 4784,4,531,2007-07-31,non-activated
9587 3490 1909 9090,5,459,2010-04-08,activated
1438 8716 5745 0920,4,861,2000-06-28,activated
6076 8182 4449 1390,3,348,2005-11-16,activated
9583 6448 7523 3466,3,614,2012-10-26,non-activated
0629 8169 6246 6130,1,732,1995-03-21,non-activated
4240 4757 5175 6988,1,353,2007-10-17,non-activated
5583 3719 1435 9123,6,473,2019-02-04,activated
5752 0567 0370 0809,5,812,2018-11-19,non-activated
7815 8874 9059 0721,1,890,1991-10-12,activated
0601 3830 7597 2604,2,46,2017-01-06,activated
9533 3002 4508 7393,4,324,2020-03-01,non-activated
2192 8860 7142 4363,5,441,2016-04-18,activated
2607 3183 6670 2572,6,200,2019-08-05,non-activated
6907 9969 1000 7500,5,866,2008-12-07,non-activated
0185 4459 0094 8679,4,139,1999-02-11,activated
2408 3521 0253 5466,3,460,2018-05-24,non-activated
9972 0600 3099 3752,2,481,1997-11-29,non-activated
7681 5189 6858 5614,1,620,2016-12-31,non-activated
5659 3982 6235 3547,3,454,2022-06-16,non-activated
2732 7191 7749 6449,2,261,2008-03-07,activated
2921 1751 4595 7018,5,502,2019-12-02,non-activated
7913 6556 9425 6318,3,939,2001-10-23,non-activated
8258 9498 2350 3258,3,502,2008-12-16,activated
7213 0550 9524 7178,1,543,2009-02-20,activated
7159 7186 3783 1115,1,902,1993-12-25,non-activated
8958 9116 9434 2052,1,126,2007-11-15,non-activated
1983 3980 5870 3884,4,284,1999-07-18,activated
0260 0559 2047 9597,5,428,2016-08-16,activated
7826 3693 2329 9026,6,23,2009-07-05,non-activated
3258 4205 0961 2279,3,571,2005-05-09,activated
4983 5176 7492 0550,2,884,1994-01-24,activated
4603 4505 9294 3368,6,276,2010-05-03,non-activated
4843 1058 0192 1926,1,972,2008-11-04,non-activated
7708 5511 4207 5120,5,949,2021-03-22,activated
5639 4235 5744 7475,2,12,2010-02-03,activated
9393 0266 0749 8133,5,943,2012-05-25,non-activated
8508 0975 6623 9043,6,263,2009-11-18,non-activated
8368 2259 8850 6878,3,890,1990-12-27,activated
5539 0438 5848 5574,5,37,2017-01-16,activated
6874 9083 2914 6927,4,115,1998-04-22,non-activated
1942 5024 3844 5965,6,995,2007-06-16,non-activated
3585 5272 9227 9355,3,129,2008-07-29,non-activated
1416 3931 9083 5652,1,33,2016-07-21,non-activated
7922 6379 0604 0898,5,792,2020-10-10,activated
5226 1646 2863 9736,5,22,2001-09-02,non-activated
5817 1428 9538 5021,3,971,2013-04-02,activated
5665 0707 9101 6628,2,318,2017-09-26,non-activated
1886 1133 3521 8724,3,17,1992-08-05,non-activated
9847 0484 5721 3286,3,857,2017-03-03,activated
4578 4172 0036 9533,5,751,2008-04-08,activated
0415 1912 5236 4565,4,951,2016-11-19,activated
8518 4286 4760 6146,4,578,2008-04-17,non-activated
0346 2222 5909 9411,4,500,1995-11-23,activated
0409 6506 0814 5169,3,475,2010-07-14,activated
9205 3682 3685 6736,3,124,1997-12-15,activated
7536 7477 1968 7203,4,557,2022-01-20,non-activated
1215 5536 0193 7716,1,338,2012-12-22,non-activated
9062 0069 7795 0555,5,796,2017-09-11,non-activated
5721 3229 2053 1407,5,476,1991-05-31,activated
3559 8230 8767 7884,1,275,2002-08-25,activated
8644 6160 9042 4551,5,735,2019-10-05,non-activated
7291 9748 0616 1403,2,427,2005-01-25,activated
9668 1714 8959 7753,6,509,2007-11-06,non-activated
8462 2825 8189 7589,4,622,2004-09-28,activated
4757 7117 0871 8333,3,592,2004-05-29,non-activated
1850 7711 9546 0780,3,421,2008-08-22,activated
7851 5755 2837 7945,2,824,2012-09-05,non-activated
4077 9332 4186 4873,6,50,2003-07-17,activated
9652 2718 2281 1191,2,958,2008-02-13,activated
5547 6684 6796 9725,2,359,2009-07-13,activated
6650 7790 2948 0830,2,812,2010-03-25,activated
2578 0460 2800 3119,2,107,2012-05-04,activated
4432 1034 9031 5602,6,113,2010-06-23,activated
4404 5530 0295 1308,1,608,2022-05-21,activated
9163 6799 7944 2569,2,364,2018-09-17,activated
0794 1593 4248 9741,4,732,2006-03-10,activated
9435 7517 7213 1612,4,747,2001-03-05,non-activated
6993 3667 7299 3048,5,477,2008-01-02,activated
6808 9675 3036 0111,4,469,2020-05-17,non-activated
3588 7532 4894 1144,6,784,2006-12-19,activated
7138 6103 6837 5767,1,19,2001-12-08,activated
6249 7061 8121 4594,3,386,2016-10-13,non-activated
3077 1282 9607 7491,1,45,1998-10-30,non-activated
1529 9140 4981 4518,6,548,2020-02-22,activated
7256 3666 6825 9649,3,898,2010-08-30,activated
8455 0307 6890 3983,3,914,2010-06-19,activated
6146 9046 9615 2985,6,95,2003-11-04,activated
8245 7551 5061 3747,4,825,2015-04-24,activated
7011 0067 6254 9027,1,672,2022-09-25,activated
7708 8536 9169 8227,4,889,2015-10-30,non-activated
8261 1309 4215 3211,2,147,2022-03-27,activated
5890 9315 5535 7064,4,458,2011-07-27,non-activated
8539 8820 6981 8775,4,364,2001-03-10,activated
9451 0417 8036 9399,1,268,2018-01-16,activated
2186 9071 9707 3033,4,286,2003-08-04,non-activated
8210 9232 6197 5538,6,494,2005-08-08,activated
1535 8455 2924 3051,1,951,2014-02-28,non-activated
6672 2079 3335 3391,4,947,2019-07-24,activated
4644 1299 4567 8749,5,267,2018-04-28,activated
7112 1374 9081 9272,4,969,2021-03-11,non-activated
7526 1634 6870 6485,4,955,2018-08-21,non-activated
1589 3511 5576 9365,5,309,2013-04-01,activated
9740 5522 0794 0587,3,242,2007-08-29,non-activated
7752 1786 0473 7003,5,548,2010-02-08,activated
7946 8979 1008 4540,6,971,2011-08-30,non-activated
1933 7731 2739 4345,3,402,2008-12-05,non-activated
6018 1924 1584 2864,1,404,2016-12-09,activated
5727 3698 3090 8001,6,698,2011-05-07,non-activated
9051 3547 2917 1616,2,35,1997-07-24,activated
0533 9193 0905 2049,6,738,2020-01-20,activated
6207 5179 9184 7821,1,696,2008-09-14,non-activated
9644 7742 5992 9550,5,602,2007-05-18,activated
6910 3431 2910 7980,1,231,2013-05-29,activated
2358 6630 4410 5998,5,920,2005-06-10,non-activated
8138 7178 1677 0314,5,809,1993-04-04,non-activated
9594 9163 8180 1196,4,792,2003-03-06,non-activated
0759 1113 7247 1177,3,994,2022-01-15,non-activated
1874 4948 2687 4573,4,523,2017-06-12,non-activated
4408 0531 9318 7115,5,616,2003-12-23,activated
9893 9059 1205 7030,5,551,2008-09-17,activated
6813 3201 8782 4471,1,329,2014-07-03,activated
8164 7783 2572 0324,4,560,2006-12-03,activated
2924 0304 6695 8290,1,632,2001-10-13,activated
4461 5421 1452 5445,4,681,2019-02-19,activated
2288 8174 8787 8713,2,494,2018-01-19,activated
4973 0118 3040 0920,2,834,2001-03-22,non-activated
0778 7967 7577 8550,1,506,2001-10-06,non-activated
6349 8403 6563 8423,1,132,2022-03-27,activated
0602 8095 8482 2639,3,164,2011-12-19,non-activated
3740 9024 4401 4511,2,548,2005-10-06,activated
3760 5220 5191 4713,4,707,2018-11-05,activated
7520 8640 9282 8493,2,113,2000-04-27,non-activated
4001 4837 9015 0807,3,710,2017-09-25,activated
2926 4907 1929 2947,5,461,1999-11-26,non-activated
8615 9579 7233 5612,6,384,2017-08-26,non-activated
2940 0356 5587 0822,4,645,2014-01-22,activated
6931 2974 4265 9535,2,70,2005-03-10,non-activated
5732 8368 7381 0452,4,121,2007-11-15,activated
1022 1097 6732 6829,6,905,2017-06-01,activated
6243 4314 5320 3331,6,339,2002-05-05,non-activated
5632 1081 4449 9788,1,210,2013-06-22,non-activated
5006 5273 4478 5495,3,714,2008-04-24,non-activated
5902 6080 1492 7392,3,699,2005-09-27,activated
0196 4719 8258 0480,2,270,2018-10-10,activated
1862 8488 0562 7565,5,541,1998-04-09,non-activated
9673 0632 7467 8473,2,471,2005-10-05,activated
2575 4050 8453 1629,4,793,2021-10-25,non-activated
4274 9350 9749 0469,1,969,2010-02-23,non-activated
3591 1361 2780 8811,5,713,2017-09-16,activated
1165 9889 4663 9157,2,766,2007-03-26,non-activated
4022 2895 7874 7934,6,85,2022-03-25,activated
6004 0314 4689 0692,5,584,2003-04-25,activated
6275 5813 6335 2022,2,864,2002-07-18,non-activated
3229 7192 6299 2834,6,37,2020-07-28,activated
6167 4041 3312 9323,3,90,2015-04-24,non-activated
4607 7250 3119 7324,3,594,2000-10-11,activated
7998 9761 6071 5867,3,83,2002-07-10,non-activated
0142 6774 4207 2840,2,997,2017-04-03,non-activated
6161 1895 5665 7076,6,365,2005-07-04,activated
8701 4146 4636 9462,3,596,1996-01-26,non-activated
9147 7603 1808 8379,4,357,2011-06-05,activated
7399 3239 6578 2224,6,993,2022-07-04,non-activated
2917 0217 5272 8717,4,165,2004-03-22,activated
3094 8801 2771 0961,4,766,2015-03-02,non-activated
8015 4206 8439 1792,5,892,2004-02-09,non-activated
1530 0881 1059 4815,4,803,2018-11-05,activated
6998 8216 2240 2382,6,761,2001-02-20,non-activated
8632 2653 1971 2156,5,528,1999-12-31,non-activated
5940 5596 2546 3643,1,814,1999-04-23,non-activated
3184 5168 3947 1924,4,334,2004-02-16,non-activated
0740 6638 6007 2460,2,625,2019-03-18,non-activated
4125 6121 3906 2477,3,956,2020-05-27,activated
0682 3946 4148 1615,5,255,1999-01-19,activated
1894 3770 7705 3602,6,428,2014-04-08,non-activated
9592 0199 9830 6708,2,219,2019-02-22,activated
3029 4087 8737 3351,5,348,2019-05-17,activated
8031 6964 2565 8754,4,224,2001-03-28,activated
8522 5772 4084 1606,3,874,2016-10-23,non-activated
3937 2656 9075 9372,4,224,2015-04-26,non-activated
0833 0146 1827 6406,5,782,2006-12-23,activated
9659 3583 2782 9853,4,729,2010-05-17,activated
0314 1205 3695 5943,5,440,2009-08-23,activated
5085 9367 4225 3849,5,647,1993-12-25,non-activated
3405 4255 7890 9326,5,727,2017-05-04,activated
3139 6939 8703 5391,4,914,2012-12-02,non-activated
6354 6909 2363 3633,2,843,2012-07-14,non-activated
2648 5459 3634 2081,4,891,2006-05-14,non-activated
2117 3413 0934 5609,6,92,2019-05-30,non-activated
1151 9077 2021 2312,3,529,2008-03-20,activated
3374 3209 3248 3683,3,452,2013-07-06,non-activated
0340 3867 4267 6144,1,880,2018-02-26,non-activated
6792 2514 7970 0987,1,363,2019-02-15,non-activated
4078 7600 7264 6476,2,111,2020-04-24,non-activated
4088 5580 2911 1186,3,436,2018-12-24,activated
7724 2657 8910 3440,2,852,2008-06-19,activated
5598 2796 0269 8774,2,38,2002-02-12,activated
5160 1699 4688 4419,1,238,2022-09-26,activated
1906 9858 3317 1027,1,812,2022-07-12,activated
4477 4710 6688 8674,5,399,2008-09-15,activated
8006 2982 0518 1334,1,982,1993-09-28,non-activated
5695 5785 1121 5393,1,528,2014-04-10,non-activated
6537 1672 7765 0177,4,876,2014-02-25,activated
6591 7709 8338 8090,6,248,2010-02-17,activated
0616 3939 7783 0037,3,772,2014-07-26,non-activated
1918 9222 3469 7706,2,921,2015-10-12,non-activated
8800 8526 4824 7759,6,907,2019-07-16,activated
6509 5873 8659 2947,6,565,1999-10-22,activated
8213 5368 2263 2433,2,653,1999-05-14,non-activated
9838 2799 5198 5758,6,858,2018-02-09,non-activated
9086 4958 1226 3676,5,478,2018-11-26,activated
7863 9456 2576 7516,1,535,2000-05-06,non-activated
8347 4109 0786 3375,1,271,2018-07-16,activated
5361 2394 6383 3280,4,167,2022-09-07,activated
0914 2406 0598 0338,5,871,2008-11-22,activated
5718 0583 4604 0943,1,198,2019-10-13,non-activated
0086 9826 8728 5631,4,932,2005-08-02,activated
4133 9534 3347 5701,3,230,2013-09-26,non-activated
7205 2075 3942 7906,5,576,2018-06-18,non-activated
0309 4631 8523 6560,3,950,2011-11-24,activated
1988 4612 7389 0753,3,74,2018-06-03,non-activated
5474 3210 3024 1005,4,227,2000-09-13,non-activated
2588 3776 1886 0295,4,802,2021-01-23,activated
2415 9604 0706 4299,4,740,2018-10-26,activated
6750 7315 3678 8550,1,274,2012-10-12,activated
9214 7312 2678 4380,2,167,2015-11-25,activated
8674 1455 5863 6721,4,480,2006-10-13,non-activated
5074 1952 9726 6364,4,820,2022-09-19,activated
3007 8777 6272 7422,4,335,2010-12-29,activated
9395 8251 8871 0693,4,49,2011-11-02,activated
9922 1897 5630 4959,1,242,2017-05-24,activated
0568 8472 1022 7326,4,8,2009-10-20,non-activated
4889 9217 1374 5851,5,319,2005-09-30,non-activated
7992 0548 0577 6555,4,308,2000-05-08,activated
5867 2213 5822 6199,3,664,2004-08-02,activated
0080 1360 7053 5573,3,921,2019-08-20,activated
4764 1173 1134 0774,3,35,1994-01-14,non-activated
5014 2591 6088 5993,6,836,2007-03-31,activated
3295 7194 0355 8492,5,612,2018-07-24,activated
9460 7190 2131 2124,6,802,2013-06-26,non-activated
8895 5763 3679 6390,4,483,2001-04-27,non-activated
4140 4948 1857 7452,3,299,2013-07-10,non-activated
6166 9272 4375 1286,2,168,2011-07-23,non-activated
2891 2078 5181 2654,2,209,2005-05-23,activated
9341 5249 1306 5728,4,622,2004-02-15,activated
8295 4601 3099 7455,4,176,2004-12-20,activated
0279 6486 0225 4277,2,106,2019-05-09,non-activated
2072 5560 4854 6603,6,317,2015-04-22,non-activated
7691 9012 4883 4384,6,39,2019-07-13,activated
5068 4058 2198 8571,3,485,2002-03-26,activated
2591 7791 3428 7517,5,957,2003-08-15,activated
4250 8155 6242 1295,4,635,2022-07-07,activated
7537 5942 5426 7391,3,325,2005-12-17,activated
3481 7066 7577 0223,2,109,2021-10-09,non-activated
6607 6072 6218 1302,4,832,2008-04-15,activated
3717 8741 6774 9520,3,485,2022-03-10,non-activated
3844 4415 0182 4521,5,390,1997-09-19,non-activated
5224 5197 9457 5120,6,694,2019-11-19,activated
2270 0445 3258 7742,3,859,2021-06-16,non-activated
4981 7631 1161 6186,3,815,2002-07-02,activated
2627 0756 0781 5438,5,162,2022-07-12,non-activated
9548 3777 1535 1589,3,687,2020-11-08,activated
7111 5370 2410 8043,1,507,2005-08-02,non-activated
6040 7221 0332 2686,1,249,2005-03-08,activated
7580 5048 1698 0886,5,502,2017-07-20,non-activated
4900 6781 4976 6456,6,930,2004-09-05,activated
2040 8137 2900 0698,2,612,2013-07-03,activated
9651 2259 0884 7235,5,133,2005-12-04,activated
9923 8029 7392 5847,4,878,2004-01-23,activated
6784 7344 2028 5843,6,478,2015-04-01,non-activated
4753 7675 6551 3595,5,187,2011-10-12,non-activated
3098 3924 6031 3209,4,840,2010-12-28,non-activated
9196 7756 0160 8099,5,21,2009-06-27,non-activated
1303 8340 5801 1599,2,858,2006-05-09,activated
9450 2212 6790 2463,4,504,2007-11-05,non-activated
2119 0828 7814 0713,1,629,2005-04-22,non-activated
1125 6684 4798 4875,4,825,2010-01-11,activated
4882 4012 1663 1780,2,217,2021-06-22,non-activated
2968 1298 9618 2159,6,566,2018-12-26,non-activated
7992 0825 2691 6065,4,976,1996-03-10,activated
8571 2254 6523 6696,3,851,2011-01-26,non-activated
3046 5541 3266 4245,6,687,2018-10-18,non-activated
2517 6707 0963 6258,6,926,2016-09-28,activated
4894 7919 7005 5117,5,987,1992-05-31,activated
0708 9046 4416 1123,6,984,2010-12-15,non-activated
9522 9448 3913 3602,1,949,2007-02-01,non-activated
3752 2955 3810 2352,3,905,2022-02-24,activated
2797 6057 4582 7975,6,473,2021-02-17,non-activated
1868 7393 9447 8085,2,74,2016-08-26,activated
9636 0100 2021 3650,5,61,2002-09-14,activated
7569 8634 8945 2684,1,461,1999-11-16,non-activated
9642 9828 0332 2840,1,171,2020-01-30,non-activated
9558 0998 0268 5602,2,185,2011-04-16,non-activated
4851 8328 3332 5915,6,136,2019-04-15,non-activated
8741 6569 2854 2997,2,872,1994-06-01,non-activated
7664 8071 4529 4387,6,945,2020-08-13,non-activated
4754 8692 0315 3775,3,444,1995-06-15,non-activated
4370 3256 8226 8075,4,618,2012-01-11,non-activated
9497 3658 5343 2291,6,115,2020-04-11,non-activated
7520 5606 5272 0640,2,888,2015-06-05,activated
7628 5718 6687 2295,6,812,2018-10-25,activated
8404 6521 0831 3985,5,963,1998-09-13,activated
6049 5786 4750 8847,1,179,2004-09-14,non-activated
3714 6510 7900 4087,5,204,2016-01-20,activated
7072 1025 5097 1984,2,989,2021-02-06,activated
1799 1969 4617 4699,4,138,2005-05-17,activated
6997 9018 6907 3215,1,635,2008-08-31,non-activated
0703 6517 5666 4813,3,879,2021-03-26,activated
1344 0824 8063 3091,6,683,2012-06-23,activated
5954 6888 1575 3868,1,733,2016-05-23,activated
5840 1139 2883 1688,5,44,2002-02-24,non-activated
6817 6127 3777 6843,6,498,2016-06-24,activated
6798 8294 2072 5343,1,929,2012-11-06,activated
5532 8272 1010 7965,5,800,2021-04-08,activated
8677 8926 4938 3916,1,729,2013-09-24,activated
0097 5177 7665 9737,4,269,1996-07-22,activated
6593 6196 3097 8805,4,923,2006-05-09,non-activated
5135 0943 5371 9946,1,878,2018-10-30,non-activated
0181 5083 0332 4993,1,845,2003-01-08,activated
9722 4703 6294 6390,2,945,2014-06-08,non-activated
7473 5058 8683 7491,4,861,1994-02-22,activated
6889 5896 7704 9815,4,276,2002-06-06,non-activated
1089 6285 1670 5638,5,361,2009-01-26,non-activated
7726 8682 6703 0448,6,458,2002-06-30,activated
9465 6644 3018 0729,3,229,2006-05-15,non-activated
0520 6032 2591 4894,1,205,2016-04-03,non-activated
1306 7178 8515 2309,3,556,2020-06-27,activated
1698 5285 3815 6572,3,586,2008-04-01,activated
3750 8359 8152 2175,2,900,2007-12-31,non-activated
2615 5241 2486 3962,2,621,2014-08-23,non-activated
5047 0972 9994 2483,3,919,2019-09-15,activated
8633 5336 2776 4204,6,75,2014-03-04,non-activated
2584 9679 8179 7558,5,27,2013-09-16,non-activated
5176 1169 4918 9010,1,370,2018-12-25,activated
9105 5078 3460 4075,3,967,2004-01-30,non-activated
9005 3757 2707 5129,2,275,2006-01-31,non-activated
2070 1022 1224 4576,5,510,2021-03-25,activated
5526 9441 8099 4298,4,907,2017-07-23,activated
4296 3674 9068 1601,2,165,2020-08-26,activated
4417 2131 8847 0593,3,870,2002-12-07,non-activated
3503 2887 4096 0586,1,840,2009-08-22,non-activated
0061 5679 7165 1443,5,863,2019-07-25,activated
9531 4244 5714 0985,1,828,2012-05-06,non-activated
6780 6838 8315 1684,2,931,2007-06-07,activated
6348 3232 6986 9384,4,17,2012-09-09,non-activated
5009 8845 1970 5977,6,279,2005-06-08,non-activated
7678 7541 1889 8081,2,542,2003-05-26,non-activated
1524 5755 5673 6232,3,796,2017-03-04,non-activated
3596 8837 1217 0859,4,18,2001-06-17,activated
9167 5898 0968 5792,2,210,2012-11-21,non-activated
4431 7575 8659 7077,5,41,2010-06-08,non-activated
7770 7141 1656 8804,2,86,2018-07-09,non-activated
5091 4979 4150 0529,1,545,2014-06-03,non-activated
0404 1385 0675 8207,2,725,2002-07-09,non-activated
5843 7091 7217 3042,4,655,2005-02-03,non-activated
8119 9580 1961 2314,1,114,2013-04-05,activated
6859 1804 2981 1059,2,626,2021-03-21,non-activated
4531 5184 2927 3596,1,961,2007-08-25,activated
9549 0428 2902 9966,6,13,2001-04-29,activated
8994 1717 1149 4198,6,779,1997-09-25,non-activated
8700 5722 8301 4081,4,38,2017-02-15,activated
5563 5611 8887 3587,4,738,2009-12-29,non-activated
7103 7560 0711 3269,3,444,1996-10-04,non-activated
9741 1389 7408 7171,2,913,2022-05-22,activated
7533 8686 3249 2654,4,353,2019-01-23,non-activated
5318 4846 8986 6166,4,178,2002-02-05,activated
4677 5721 6555 0897,3,808,1999-08-20,non-activated
8814 9700 8201 8969,5,992,2006-05-28,non-activated
5944 9373 0680 9815,3,562,2003-12-16,non-activated
7247 6529 3864 3660,1,975,2022-04-14,non-activated
2445 4924 4019 2803,3,950,2010-02-08,non-activated
4089 0055 8020 7953,3,737,1997-11-20,non-activated
5383 4611 1641 1529,4,319,2004-10-01,non-activated
5716 6835 4398 8526,3,734,2005-11-17,non-activated
1617 3038 9370 6913,6,592,1995-05-13,activated
9186 9525 6319 7086,6,715,2007-10-14,non-activated
7284 0410 0731 2770,1,101,2020-04-20,non-activated
1776 7611 5015 8413,6,162,2013-05-19,activated
9134 5290 2079 3844,1,187,2000-12-25,activated
1886 7101 7124 7531,2,252,2004-06-27,non-activated
3708 6967 9525 8724,6,610,2013-11-09,non-activated
3059 0333 0454 8315,3,795,2018-07-03,non-activated
4656 4695 2052 8515,1,557,2009-12-16,activated
0302 4833 4903 2885,2,454,2012-10-05,non-activated
3175 2494 0666 9621,1,959,2009-07-26,activated
3402 3537 5201 6224,2,230,2008-03-08,activated
1582 7974 0859 5137,6,196,2017-12-06,non-activated
0054 4181 8228 1489,3,994,2003-10-19,non-activated
6846 2107 6626 9403,6,886,2019-10-30,non-activated
4403 3321 1737 3829,6,459,2008-12-02,non-activated
5586 1797 5720 1670,5,108,1998-09-27,non-activated
1491 6388 9113 1846,2,807,2010-06-02,non-activated
0164 6838 9233 1650,3,83,2005-12-02,non-activated
7028 4365 5855 9625,4,111,2010-10-31,activated
6699 3224 4907 4632,3,388,2015-08-26,activated
1275 6049 6193 1302,2,303,2003-04-07,non-activated
9283 9978 9243 8238,4,253,2016-03-25,activated
2978 1637 5396 3680,3,787,2010-03-14,activated
1547 3395 4324 1842,2,933,2009-04-15,non-activated
5369 2021 9486 5866,6,812,2002-07-28,non-activated
9682 7695 6450 3723,1,308,2021-07-18,non-activated
2004 5597 8786 7997,4,112,2021-05-09,activated
7471 4459 1682 9300,1,911,2017-05-04,non-activated
4415 1062 3101 8295,1,261,2009-01-03,non-activated
7136 4789 7099 3316,6,666,2015-12-08,non-activated
2333 6575 8209 7430,2,806,2003-08-25,activated
1856 9569 1286 6900,2,328,2011-04-28,activated
1195 8492 1039 0246,2,270,2005-06-30,non-activated
7915 9796 0596 6546,3,985,2002-05-02,activated
1867 8296 8535 1009,3,612,1996-09-18,activated
9701 4936 4485 5032,5,182,2016-09-23,activated
6369 8675 6932 6353,1,227,2014-04-10,activated
2900 0358 9866 8804,1,707,2008-10-26,activated
2798 4177 1399 3909,1,824,2019-10-04,non-activated
9353 2776 8568 1949,6,96,2017-04-08,activated
3469 6098 0926 2038,6,708,2006-12-31,activated
9096 8752 5281 7388,5,606,2014-08-08,non-activated
5073 1659 0468 5519,2,724,2022-01-04,non-activated
4829 8889 7671 2081,1,854,1998-07-27,activated
6075 1717 5221 8138,4,826,2009-09-22,activated
1543 8568 7358 8024,5,869,1994-12-31,non-activated
3871 6216 0158 4449,6,478,1999-01-08,non-activated
3016 2927 0188 6192,1,551,2022-03-03,activated
5695 4268 9553 0106,3,381,1996-12-25,activated
0357 6803 2656 2493,3,63,1999-11-09,non-activated
6743 6651 6372 3737,2,19,1997-12-04,non-activated
6226 3015 8107 2050,5,568,2016-06-06,non-activated
4667 8684 7361 1817,6,127,2001-01-09,activated
8624 0849 3753 9308,6,322,2007-07-04,activated
0336 1950 4256 1340,1,235,2013-06-09,non-activated
0879 6500 3020 0093,1,933,2005-11-12,activated
0569 9131 3951 5253,2,145,2003-11-23,non-activated
3606 4528 8646 2840,6,375,2000-09-18,activated
4342 8296 5617 9051,5,860,2002-12-20,non-activated
5372 2584 1853 8357,3,645,2019-10-31,non-activated
8068 7345 9795 9047,6,685,2010-08-10,activated
9701 5772 8540 8131,1,181,2015-01-18,activated
7318 7494 8841 3961,2,630,2003-09-11,activated
5627 2039 8058 2938,3,683,2001-02-08,activated
5843 9741 3746 1436,3,524,2005-01-21,non-activated
6872 9297 6415 9021,1,777,2008-04-09,non-activated
6240 4373 8850 1087,2,844,2016-07-07,activated
6313 4470 4885 8708,2,224,2018-07-30,activated
8101 0068 7265 3113,6,114,2007-10-15,non-activated
9349 4573 4751 4695,5,534,2018-10-31,activated
0030 0233 6527 7932,1,862,1999-02-05,activated
9708 1111 7353 9578,3,48,2022-02-05,non-activated
2416 0818 6322 5524,5,590,2016-01-28,non-activated
0374 0994 4305 4170,2,835,2022-07-09,non-activated
8435 2059 8816 1825,5,163,2019-02-05,activated
1205 2658 5665 8946,2,547,2000-01-25,non-activated
4267 5584 8745 2914,1,603,2019-06-13,non-activated
8375 9752 5851 1810,6,584,2021-03-14,activated
9997 1090 4322 6083,3,240,2002-03-06,non-activated
6693 7814 6604 3137,1,763,2020-10-16,activated
9499 0995 3747 6315,2,443,2004-10-10,activated
6494 2541 1651 8598,5,690,2017-04-26,non-activated
9570 0341 6775 8803,1,382,2020-03-07,activated
7140 6601 5318 4585,1,703,2013-10-02,non-activated
3171 1646 9536 3038,5,561,2009-10-09,activated
9348 1084 6828 4108,2,321,2014-05-02,activated
2411 9868 4908 1592,2,342,2010-12-09,non-activated
3509 3675 5986 3779,1,417,2022-06-25,activated
4714 8564 7631 8583,6,938,2011-07-21,activated
7938 7505 5903 2053,6,806,2006-02-06,non-activated
7030 2306 2960 6185,2,65,2006-12-04,activated
8613 9326 0390 6165,3,155,2013-01-20,activated
6278 7647 0142 6327,5,974,2004-03-17,activated
0228 8797 4234 3888,6,302,2005-12-20,non-activated
7617 3923 6970 2837,2,606,2001-03-19,activated
9139 4608 4596 9565,5,671,2001-03-11,non-activated
3893 3511 8796 5480,6,359,2009-03-28,activated
7562 9062 0277 6986,2,919,2012-12-13,activated
1990 1239 7613 6469,5,819,1996-07-06,activated
9770 5388 5331 2718,3,932,2004-12-08,activated
6482 5726 4431 0436,3,629,2003-07-04,non-activated
6390 6955 2385 6370,5,703,2020-12-04,non-activated
8303 6887 2257 7173,6,604,2006-07-17,activated
4449 5223 3873 0343,6,786,2008-07-30,activated
6773 7323 8528 0086,6,288,2016-12-06,activated
9296 0999 4427 1968,6,592,2012-11-14,activated
1933 0625 2440 4577,2,153,2005-03-23,non-activated
7444 1660 2086 5100,6,70,2008-08-26,activated
2654 9474 6497 6560,4,826,2018-08-20,activated
2312 5993 9204 1947,6,456,2020-10-09,activated
0707 6994 0785 4989,4,995,2012-11-21,non-activated
3744 2860 4784 0895,4,666,2007-10-17,non-activated
8319 6929 7443 9244,1,707,2000-03-21,activated
8035 6559 6618 2546,4,387,2020-02-16,activated
8624 5090 9096 9634,1,737,2003-09-22,non-activated
8052 9254 8682 7436,1,359,2013-07-28,activated
6513 4688 2379 3313,2,433,2003-12-25,non-activated
1153 2421 3989 2887,5,370,2021-10-17,non-activated
0936 3639 1357 4632,5,172,2011-06-19,activated
6881 7019 7357 9571,2,220,2007-12-18,non-activated
7935 7632 8006 8340,2,956,2011-07-12,non-activated
0172 5059 1699 4593,1,556,2010-05-28,non-activated
9883 9064 3013 5853,1,671,2005-04-22,non-activated
8961 2318 3697 5293,6,794,2005-04-30,activated
8780 0775 6604 2998,2,100,2020-12-15,non-activated
1981 5461 6011 9269,2,106,2013-02-03,non-activated
5459 2650 1384 3220,6,622,2001-12-31,non-activated
8646 8335 0847 1161,5,951,2007-04-12,non-activated
1100 4978 9932 7523,1,92,2011-03-29,non-activated
2074 2892 3916 3144,5,457,2019-06-19,non-activated
7057 2341 9043 1944,2,855,1995-02-20,non-activated
4057 0582 9155 2820,3,210,2011-09-20,non-activated
7380 5941 6492 4302,5,834,2005-01-13,non-activated
4664 2608 2420 1325,6,961,2013-03-07,non-activated
3005 6291 4777 0501,2,150,2019-03-12,activated
7480 2435 5312 0270,1,862,2003-05-31,activated
1124 8098 5934 6483,3,208,1997-09-16,non-activated
6717 7181 3354 1102,4,742,2015-07-03,activated
5265 9806 5476 6458,5,788,2000-04-22,non-activated
8850 1546 3937 1847,5,872,2020-04-30,non-activated
5989 9871 2061 9414,4,463,2003-01-20,non-activated
8516 3859 4873 5355,4,441,2015-09-17,activated
1326 1504 4753 3550,6,588,2021-07-10,activated
8610 1389 4701 8933,4,216,2021-11-08,activated
3548 2164 0107 3547,3,525,2003-09-16,activated
5134 2687 1747 5982,1,762,2004-12-24,non-activated
1039 4846 9053 5937,5,585,2015-07-22,non-activated
0141 5388 6137 2350,2,657,2002-10-09,non-activated
6642 9138 4806 1707,4,876,2016-02-20,activated
6384 6549 3424 4556,5,774,1992-07-27,non-activated
5438 5329 6513 4008,1,64,2011-08-07,activated
5217 1010 5559 0475,6,634,2017-08-12,non-activated
2069 9681 0745 5976,4,730,2011-03-16,activated
0925 2732 8829 8983,2,560,2008-10-02,non-activated
7528 2257 7907 6522,3,563,2009-04-16,non-activated
8989 6776 2388 3358,5,399,2005-05-03,activated
7510 3630 9571 3263,2,283,2001-08-31,non-activated
2156 4804 0916 5875,3,171,2018-03-09,non-activated
5120 5555 9578 1266,5,152,2015-04-08,activated
8236 7299 0046 3957,5,711,2010-05-30,activated
2093 4995 9880 5079,6,596,2013-02-08,activated
7989 9666 2443 7126,3,239,2014-06-05,activated
5937 6008 6570 1136,1,570,2021-03-07,non-activated
3508 2252 0863 0409,6,791,2018-08-10,activated
2672 8880 0924 3460,4,252,1999-01-06,non-activated
2046 4152 6827 3898,6,204,2008-12-02,non-activated
2579 0340 6318 8044,1,215,2003-07-07,non-activated
7894 5054 8773 0450,3,930,1995-05-12,activated
3374 3147 2618 6294,5,282,1991-01-14,non-activated
6528 5906 0515 5779,3,760,2009-03-22,activated
4647 2286 5127 0368,4,457,2001-12-16,non-activated
8821 5505 0938 2787,6,563,2004-01-28,activated
3397 8253 5286 5881,1,745,2006-08-11,activated
1995 3319 8532 0853,1,623,2017-08-14,activated
9317 7794 0532 0621,6,4,2009-05-12,non-activated
3664 8039 0769 4897,4,124,2009-08-14,activated
7714 5757 1940 3147,6,329,2009-07-30,activated
2598 0995 7759 2712,5,143,2005-02-15,non-activated
9991 5805 9337 0322,1,717,2013-01-27,non-activated
2131 3199 3030 7894,5,35,2020-02-27,activated
6477 3759 9124 1034,2,325,2010-12-30,non-activated
3253 8760 7356 9712,5,598,1997-08-15,non-activated
5036 9082 3715 3657,1,371,2016-05-20,non-activated
1678 8470 1649 6055,5,873,2006-10-28,activated
1890 1935 6081 0514,6,347,2001-10-04,activated
8451 4421 7149 0308,4,998,2014-09-15,non-activated
7947 2854 4670 1032,2,493,2004-02-05,non-activated
4904 5709 3627 9057,4,775,2021-09-26,activated
0229 9163 5693 9080,4,935,1991-03-07,activated
6071 5607 9322 2348,3,649,2016-10-02,activated
1308 0798 7456 8173,1,31,2001-01-25,activated
4464 0838 2240 9413,6,187,2004-12-04,activated
7943 1691 8868 2178,4,656,2016-03-27,activated
3352 6417 4378 1354,6,762,2004-12-29,non-activated
6121 3450 3819 0771,1,708,1992-11-09,activated
7522 9538 9237 2568,3,210,2016-04-14,non-activated
7906 8135 4348 8222,2,614,2013-05-15,non-activated
7157 9399 1037 4311,4,759,2009-12-13,non-activated
4245 5685 8925 4057,2,801,2002-02-01,activated
2389 5743 9445 3260,4,466,2001-08-17,activated
4524 9183 7530 9757,2,570,2014-12-10,non-activated
6205 8097 8515 1148,4,56,2006-03-12,activated
1638 4758 0559 4704,6,610,2009-08-27,activated
2847 1567 1259 9721,1,958,2013-10-28,activated
5642 8771 9809 3477,1,547,1995-11-23,non-activated
7923 6929 8649 3929,1,551,2004-02-08,non-activated
7557 2440 4389 6082,4,736,2014-10-22,activated
0511 1150 0331 4662,5,318,2005-10-19,non-activated
4628 0001 2096 2567,5,577,2020-04-08,activated
1822 0276 9364 6346,4,285,2009-10-12,non-activated
2251 6683 6258 0212,3,694,2008-09-12,non-activated
7359 7910 5457 8005,5,537,1999-02-22,non-activated
9485 5925 6480 9882,2,584,2008-10-09,activated
0285 5485 8493 8194,2,225,1999-09-04,non-activated
3996 6145 4409 3276,6,593,2001-05-11,activated
0119 1382 0607 8039,4,896,1996-07-11,activated
0090 1289 8496 3068,3,8,2014-09-19,activated
7728 6551 8017 4784,2,221,2000-03-03,activated
8944 6643 9677 0056,5,860,2004-06-26,activated
3394 7344 3354 1209,4,998,2000-08-24,activated
6453 2246 6401 4384,1,554,2020-03-17,activated
8842 6651 5883 9575,6,297,2021-03-01,activated
2764 9282 5100 4176,6,299,2008-09-16,activated
0847 6400 2149 9649,3,186,2010-02-14,activated
7071 0306 2505 6116,4,381,2002-01-27,non-activated
5862 7888 9586 4030,3,47,2017-04-05,activated
2740 4456 9891 6727,5,94,2010-05-02,non-activated
8053 8911 6892 8059,4,521,1996-05-04,non-activated
2707 6866 3618 6034,6,903,2000-10-25,activated
5555 6351 8521 0239,1,710,2021-06-13,non-activated
3885 5813 4657 4642,3,873,2012-02-01,non-activated
3008 9545 2757 5264,1,116,2003-09-10,activated
6034 3816 8948 8659,4,389,2017-03-03,activated
6816 7497 5810 1311,6,323,2018-03-02,non-activated
5872 4102 4641 5230,4,704,2014-11-14,activated
2610 6251 2054 9728,4,848,2016-12-09,activated
6603 5710 9837 9483,2,162,2020-01-17,non-activated
1996 9482 2885 4953,3,995,2000-12-08,activated
2923 2212 4099 8748,1,564,2004-10-09,activated
8676 8786 7338 6114,2,885,2011-06-29,activated
5215 8481 5900 5522,3,355,2018-11-11,activated
3445 7338 9240 3407,2,334,2001-12-28,activated
0623 0946 2237 3552,3,224,2015-04-15,non-activated
1486 4787 0726 5854,1,720,2011-11-21,activated
8640 4869 2977 5252,4,196,2005-05-26,non-activated
1689 7874 7881 0524,6,693,2005-07-15,activated
3713 4612 0485 1825,4,735,2011-11-03,non-activated
1120 5415 2464 5337,5,222,2017-03-25,non-activated
3257 3474 6218 2977,3,960,2022-05-29,activated
8212 2843 6427 9656,3,142,1997-04-16,activated
8098 4814 6102 9033,5,78,2016-10-02,activated
7547 2689 5640 6192,6,58,2014-02-08,activated
4099 5076 3982 4121,3,131,2012-05-05,non-activated
8378 5345 0056 2082,5,33,2006-08-19,non-activated
5754 9982 6760 9925,2,328,2006-06-11,activated
0645 1872 8737 5344,1,692,2017-08-19,activated
8550 6080 4508 0012,6,189,2009-07-24,activated
1521 2395 6112 0843,6,588,2011-11-21,activated
2214 0786 8155 1473,6,539,2018-09-18,non-activated
7798 1703 8135 9159,3,939,2010-06-01,non-activated
1287 8821 9162 3738,1,493,1993-02-24,non-activated
9099 5202 3411 3553,1,585,2013-07-10,non-activated
1003 7377 2090 2451,6,677,2001-09-11,non-activated
6237 9182 9600 3402,1,643,2004-11-08,activated
6890 9578 9085 1757,2,691,2002-03-05,activated
7945 2330 6085 9043,1,433,2013-02-04,activated
6266 3490 6181 0761,3,84,2019-07-29,non-activated
0004 3248 6910 8117,4,172,2012-10-16,non-activated
5188 8932 0472 1468,3,134,2012-05-25,activated
5409 6988 1797 1374,4,929,2014-10-28,activated
3655 0422 6481 8519,6,824,2015-10-06,non-activated
9191 5425 2050 4158,3,546,2017-03-18,non-activated
1789 7271 4626 4982,5,298,2018-05-05,non-activated
0302 3905 7289 2609,5,617,2020-04-27,activated
7209 4140 6730 5345,5,331,2003-08-01,activated
5952 7082 4790 5237,2,296,2013-09-04,non-activated
9846 2345 4895 5386,3,446,2022-02-24,activated
8874 4193 5935 3989,4,253,2015-11-04,activated
4187 3391 3765 7221,6,548,2018-07-27,non-activated
6352 2948 7595 1135,2,828,2021-03-23,activated
5050 3522 8089 9501,5,987,2012-07-27,non-activated
4189 3961 9344 8297,2,32,2005-12-13,non-activated
